order_date,product_id,price,quantity,revenue
2024-01-01,P0002,87.56,5,437.8
2024-01-02,P0014,399.72,5,1998.6000000000001
2024-01-03,P0030,361.46,5,1807.3
2024-01-04,P0049,47.64,3,142.92000000000002
2024-01-05,P0012,234.59,3,703.77
2024-01-06,P0090,91.12,4,364.48
2024-01-07,P0044,172.05,7,1204.3500000000001
2024-01-08,P0033,13.95,2,27.9
2024-01-09,P0013,203.16,4,812.64
2024-01-10,P0078,277.19,4,1108.76
2024-01-11,P0088,311.69,1,311.69
2024-01-12,P0098,333.43,8,2667.44
2024-01-13,P0026,418.96,1,418.96
2024-01-14,P0021,111.65,8,893.2
2024-01-15,P0028,64.64,7,452.48
2024-01-16,P0048,426.51,9,3838.59
2024-01-17,P0100,82.52,8,660.16
2024-01-18,P0040,487.51,5,2437.55
2024-01-19,P0066,422.06,8,3376.48
2024-01-20,P0073,252.93,3,758.79
2024-01-21,P0087,490.8,7,3435.6
2024-01-22,P0079,53.2,4,212.8
2024-01-23,P0077,155.02,5,775.1
2024-01-24,P0023,320.92,9,2888.28
2024-01-25,P0081,178.25,7,1247.75
2024-01-26,P0048,464.54,4,1858.16
2024-01-27,P0002,37.48,6,224.88
2024-01-28,P0084,276.96,7,1938.7199999999998
2024-01-29,P0020,297.48,9,2677.32
2024-01-30,P0059,328.1,4,1312.4
2024-01-31,P0046,131.55,3,394.65000000000003
2024-02-01,P0003,185.46,8,1483.68
2024-02-02,P0055,422.62,1,422.62
2024-02-03,P0012,101.5,9,913.5
2024-02-04,P0040,414.3,1,414.3
2024-02-05,P0066,283.51,2,567.02
2024-02-06,P0100,382.28,8,3058.24
2024-02-07,P0078,358.24,9,3224.16
2024-02-08,P0016,107.72,7,754.04
2024-02-09,P0083,286.56,3,859.6800000000001
2024-02-10,P0034,434.52,7,3041.64
2024-02-11,P0044,218.9,6,1313.4
2024-02-12,P0006,483.46,2,966.92
2024-02-13,P0077,228.85,3,686.55
2024-02-14,P0064,75.68,5,378.40000000000003
2024-02-15,P0100,197.77,4,791.08
2024-02-16,P0022,476.09,2,952.18
2024-02-17,P0018,163.26,4,653.04
2024-02-18,P0012,434.71,8,3477.68
2024-02-19,P0052,441.22,5,2206.1000000000004
2024-02-20,P0094,178.34,5,891.7
2024-02-21,P0051,46.21,3,138.63
2024-02-22,P0071,363.66,8,2909.28
2024-02-23,P0096,159.2,6,955.1999999999999
2024-02-24,P0048,392.55,2,785.1
2024-02-25,P0019,224.11,2,448.22
2024-02-26,P0006,245.21,9,2206.89
2024-02-27,P0084,390.07,7,2730.49
2024-02-28,P0027,194.27,9,1748.43
2024-02-29,P0053,224.35,6,1346.1
2024-03-01,P0048,191.21,5,956.0500000000001
2024-03-02,P0007,186.83,1,186.83
2024-03-03,P0059,265.34,6,1592.04
2024-03-04,P0069,405.36,6,2432.16
2024-03-05,P0011,184.08,3,552.24
2024-03-06,P0015,264.51,3,793.53
2024-03-07,P0064,337.01,3,1011.03
2024-03-08,P0003,138.37,3,415.11
2024-03-09,P0069,142.37,7,996.59
2024-03-10,P0023,467.04,2,934.08
2024-03-11,P0053,363.15,2,726.3
2024-03-12,P0037,290.71,3,872.1299999999999
2024-03-13,P0009,325.62,7,2279.34
2024-03-14,P0015,19.5,3,58.5
2024-03-15,P0003,310.96,7,2176.72
2024-03-16,P0093,257.21,9,2314.89
2024-03-17,P0070,275.15,4,1100.6
2024-03-18,P0017,182.91,7,1280.37
2024-03-19,P0026,45.33,9,407.96999999999997
2024-03-20,P0021,100.7,8,805.6
2024-03-21,P0072,475.62,8,3804.96
2024-03-22,P0021,207.31,9,1865.79
2024-03-23,P0011,236.01,5,1180.05
2024-03-24,P0038,31.09,5,155.45
2024-03-25,P0072,23.6,3,70.80000000000001
2024-03-26,P0088,360.0,5,1800.0
2024-03-27,P0035,271.36,8,2170.88
2024-03-28,P0014,256.81,5,1284.05
2024-03-29,P0014,125.35,4,501.4
2024-03-30,P0010,373.65,8,2989.2
2024-03-31,P0012,88.28,7,617.96
2024-04-01,P0038,99.02,6,594.12
2024-04-02,P0034,233.05,5,1165.25
2024-04-03,P0041,146.71,5,733.5500000000001
2024-04-04,P0010,127.49,2,254.98
2024-04-05,P0017,324.39,4,1297.56
2024-04-06,P0017,327.23,8,2617.84
2024-04-07,P0067,413.14,8,3305.12
2024-04-08,P0062,211.77,1,211.77
2024-04-09,P0095,41.18,2,82.36
2024-04-10,P0001,140.46,5,702.3000000000001
2024-04-11,P0012,490.1,9,4410.900000000001
2024-04-12,P0004,300.15,7,2101.0499999999997
2024-04-13,P0042,356.32,5,1781.6
2024-04-14,P0013,8.64,1,8.64
2024-04-15,P0098,261.51,6,1569.06
2024-04-16,P0085,23.58,8,188.64
2024-04-17,P0086,286.77,7,2007.3899999999999
2024-04-18,P0004,460.78,2,921.56
2024-04-19,P0082,484.37,5,2421.85
2024-04-20,P0069,272.57,4,1090.28
2024-04-21,P0019,231.81,9,2086.29
2024-04-22,P0002,472.78,1,472.78
2024-04-23,P0012,338.44,6,2030.6399999999999
2024-04-24,P0081,37.13,3,111.39000000000001
2024-04-25,P0074,235.53,9,2119.77
2024-04-26,P0098,123.92,5,619.6
2024-04-27,P0006,237.55,6,1425.3000000000002
2024-04-28,P0008,230.46,9,2074.14
2024-04-29,P0051,293.16,9,2638.44
2024-04-30,P0011,181.6,8,1452.8
2024-05-01,P0063,86.31,9,776.79
2024-05-02,P0057,254.34,4,1017.36
2024-05-03,P0012,415.95,6,2495.7
2024-05-04,P0073,333.69,5,1668.45
2024-05-05,P0002,172.49,5,862.45
2024-05-06,P0008,468.08,4,1872.32
2024-05-07,P0011,456.54,2,913.08
2024-05-08,P0053,108.63,6,651.78
2024-05-09,P0100,24.51,9,220.59
2024-05-10,P0010,371.95,1,371.95
2024-05-11,P0085,414.67,7,2902.69
2024-05-12,P0084,484.09,6,2904.54
2024-05-13,P0008,445.47,3,1336.41
2024-05-14,P0036,302.26,1,302.26
2024-05-15,P0093,267.38,4,1069.52
2024-05-16,P0076,18.78,9,169.02
2024-05-17,P0014,127.09,2,254.18
2024-05-18,P0054,232.51,3,697.53
2024-05-19,P0085,316.11,2,632.22
2024-05-20,P0086,280.84,2,561.68
2024-05-21,P0021,372.6,8,2980.8
2024-05-22,P0050,143.48,3,430.43999999999994
2024-05-23,P0094,284.65,7,1992.5499999999997
2024-05-24,P0039,48.63,8,389.04
2024-05-25,P0020,209.76,3,629.28
2024-05-26,P0088,376.33,2,752.66
2024-05-27,P0087,348.23,8,2785.84
2024-05-28,P0007,495.37,3,1486.1100000000001
2024-05-29,P0009,142.56,7,997.9200000000001
2024-05-30,P0001,251.6,1,251.6
2024-05-31,P0026,168.12,6,1008.72
2024-06-01,P0038,223.1,9,2007.8999999999999
2024-06-02,P0038,429.19,3,1287.57
2024-06-03,P0061,343.68,7,2405.76
2024-06-04,P0044,441.81,6,2650.86
2024-06-05,P0086,105.74,8,845.92
2024-06-06,P0044,437.31,3,1311.93
2024-06-07,P0074,34.58,3,103.74
2024-06-08,P0062,444.86,4,1779.44
2024-06-09,P0006,167.89,3,503.66999999999996
2024-06-10,P0017,160.72,9,1446.48
2024-06-11,P0051,258.48,4,1033.92
2024-06-12,P0038,470.64,6,2823.84
2024-06-13,P0024,28.65,8,229.2
2024-06-14,P0051,179.35,8,1434.8
2024-06-15,P0010,429.0,5,2145.0
2024-06-16,P0072,201.05,5,1005.25
2024-06-17,P0021,103.58,6,621.48
2024-06-18,P0070,215.27,7,1506.89
2024-06-19,P0085,195.85,7,1370.95
2024-06-20,P0057,458.13,4,1832.52
2024-06-21,P0039,382.16,6,2292.96
2024-06-22,P0088,255.03,7,1785.21
2024-06-23,P0033,494.24,5,2471.2
2024-06-24,P0059,235.31,5,1176.55
2024-06-25,P0018,33.83,2,67.66
2024-06-26,P0056,134.83,7,943.8100000000001
2024-06-27,P0092,220.85,6,1325.1
2024-06-28,P0057,82.67,1,82.67
2024-06-29,P0096,474.04,4,1896.16
2024-06-30,P0076,384.59,3,1153.77
2024-07-01,P0048,137.8,3,413.40000000000003
2024-07-02,P0042,297.45,7,2082.15
2024-07-03,P0027,362.12,4,1448.48
2024-07-04,P0074,470.93,8,3767.44
2024-07-05,P0052,441.41,9,3972.69
2024-07-06,P0042,260.02,3,780.06
2024-07-07,P0032,388.45,5,1942.25
2024-07-08,P0026,283.26,4,1133.04
2024-07-09,P0025,278.59,6,1671.54
2024-07-10,P0075,61.8,4,247.2
2024-07-11,P0023,67.44,8,539.52
2024-07-12,P0098,267.12,3,801.36
2024-07-13,P0057,138.09,5,690.45
2024-07-14,P0052,15.41,1,15.41
2024-07-15,P0087,362.81,6,2176.86
2024-07-16,P0093,21.08,5,105.39999999999999
2024-07-17,P0031,299.66,8,2397.28
2024-07-18,P0064,271.9,9,2447.1
2024-07-19,P0071,484.56,8,3876.48
2024-07-20,P0033,244.69,8,1957.52
2024-07-21,P0085,36.48,3,109.44
2024-07-22,P0002,278.09,4,1112.36
2024-07-23,P0018,421.34,4,1685.36
2024-07-24,P0047,498.44,5,2492.2
2024-07-25,P0033,218.02,9,1962.18
2024-07-26,P0098,163.55,9,1471.95
2024-07-27,P0084,453.79,1,453.79
2024-07-28,P0035,99.66,8,797.28
2024-07-29,P0051,309.64,1,309.64
2024-07-30,P0018,205.83,2,411.66
2024-07-31,P0088,25.34,7,177.38
2024-08-01,P0072,176.91,8,1415.28
2024-08-02,P0030,136.29,1,136.29
2024-08-03,P0044,344.62,3,1033.8600000000001
2024-08-04,P0053,474.65,7,3322.5499999999997
2024-08-05,P0010,137.68,9,1239.1200000000001
2024-08-06,P0087,406.68,8,3253.44
2024-08-07,P0052,32.4,8,259.2
2024-08-08,P0049,271.37,9,2442.33
2024-08-09,P0011,39.92,3,119.76
2024-08-10,P0066,467.35,8,3738.8
2024-08-11,P0058,384.34,1,384.34
2024-08-12,P0090,330.69,8,2645.52
2024-08-13,P0036,412.83,7,2889.81
2024-08-14,P0033,325.52,8,2604.16
2024-08-15,P0047,484.63,1,484.63
2024-08-16,P0013,358.41,6,2150.46
2024-08-17,P0040,462.71,7,3238.97
2024-08-18,P0089,260.98,5,1304.9
2024-08-19,P0068,62.95,5,314.75
2024-08-20,P0042,266.45,7,1865.1499999999999
2024-08-21,P0019,67.8,3,203.39999999999998
2024-08-22,P0082,298.28,6,1789.6799999999998
2024-08-23,P0094,243.83,7,1706.8100000000002
2024-08-24,P0019,313.17,1,313.17
2024-08-25,P0058,9.97,2,19.94
2024-08-26,P0023,101.45,4,405.8
2024-08-27,P0054,248.21,8,1985.68
2024-08-28,P0080,475.5,6,2853.0
2024-08-29,P0065,194.89,1,194.89
2024-08-30,P0012,215.06,5,1075.3
2024-08-31,P0024,358.77,7,2511.39
2024-09-01,P0034,303.88,6,1823.28
2024-09-02,P0053,152.97,9,1376.73
2024-09-03,P0008,208.35,8,1666.8
2024-09-04,P0018,112.76,4,451.04
2024-09-05,P0057,483.18,5,2415.9
2024-09-06,P0005,69.66,7,487.62
2024-09-07,P0026,189.06,8,1512.48
2024-09-08,P0030,17.79,5,88.94999999999999
2024-09-09,P0054,114.78,9,1033.02
2024-09-10,P0013,391.33,4,1565.32
2024-09-11,P0083,104.58,4,418.32
2024-09-12,P0029,44.63,8,357.04
2024-09-13,P0003,239.85,1,239.85
2024-09-14,P0090,9.93,8,79.44
2024-09-15,P0058,46.96,5,234.8
2024-09-16,P0076,404.77,1,404.77
2024-09-17,P0002,386.88,4,1547.52
2024-09-18,P0075,457.99,2,915.98
2024-09-19,P0028,427.99,4,1711.96
2024-09-20,P0082,343.17,8,2745.36
2024-09-21,P0077,30.9,5,154.5
2024-09-22,P0086,392.51,1,392.51
2024-09-23,P0076,423.53,7,2964.71
2024-09-24,P0002,400.55,1,400.55
2024-09-25,P0007,256.7,9,2310.2999999999997
2024-09-26,P0026,120.29,3,360.87
2024-09-27,P0090,423.44,3,1270.32
2024-09-28,P0088,364.95,6,2189.7
2024-09-29,P0076,490.48,6,2942.88
2024-09-30,P0016,82.07,6,492.41999999999996
2024-10-01,P0023,116.7,1,116.7
2024-10-02,P0040,109.84,5,549.2
2024-10-03,P0060,397.31,6,2383.86
2024-10-04,P0073,97.52,8,780.16
2024-10-05,P0032,38.0,1,38.0
2024-10-06,P0015,499.29,5,2496.4500000000003
2024-10-07,P0013,17.28,3,51.84
2024-10-08,P0005,418.45,2,836.9
2024-10-09,P0075,185.86,8,1486.88
2024-10-10,P0074,421.6,7,2951.2000000000003
2024-10-11,P0052,279.54,7,1956.7800000000002
2024-10-12,P0077,451.31,5,2256.55
2024-10-13,P0041,463.47,9,4171.2300000000005
2024-10-14,P0053,9.5,5,47.5
2024-10-15,P0050,42.33,2,84.66
2024-10-16,P0015,128.93,3,386.79
2024-10-17,P0007,336.31,4,1345.24
2024-10-18,P0040,444.69,5,2223.45
2024-10-19,P0028,232.67,3,698.01
2024-10-20,P0032,305.45,7,2138.15
2024-10-21,P0099,98.31,5,491.55
2024-10-22,P0015,403.46,5,2017.3
2024-10-23,P0100,483.83,6,2902.98
2024-10-24,P0085,137.96,7,965.72
2024-10-25,P0070,249.94,8,1999.52
2024-10-26,P0065,47.63,9,428.67
2024-10-27,P0004,281.77,4,1127.08
2024-10-28,P0011,253.88,5,1269.4
2024-10-29,P0026,76.5,5,382.5
2024-10-30,P0061,223.82,8,1790.56
2024-10-31,P0037,170.38,9,1533.42
2024-11-01,P0023,263.31,7,1843.17
2024-11-02,P0093,294.9,5,1474.5
2024-11-03,P0085,9.21,3,27.630000000000003
2024-11-04,P0091,381.7,1,381.7
2024-11-05,P0040,357.94,9,3221.46
2024-11-06,P0077,186.31,5,931.55
2024-11-07,P0023,31.2,9,280.8
2024-11-08,P0016,378.69,4,1514.76
2024-11-09,P0094,477.81,5,2389.05
2024-11-10,P0061,123.88,4,495.52
2024-11-11,P0068,165.14,2,330.28
2024-11-12,P0080,95.99,1,95.99
2024-11-13,P0031,290.58,8,2324.64
2024-11-14,P0053,81.65,4,326.6
2024-11-15,P0025,181.32,5,906.5999999999999
2024-11-16,P0044,350.02,6,2100.12
2024-11-17,P0012,282.26,8,2258.08
2024-11-18,P0090,196.3,8,1570.4
2024-11-19,P0097,213.02,7,1491.14
2024-11-20,P0092,283.24,4,1132.96
2024-11-21,P0009,7.9,6,47.400000000000006
2024-11-22,P0012,43.86,4,175.44
2024-11-23,P0069,441.22,7,3088.54
2024-11-24,P0054,43.55,1,43.55
2024-11-25,P0054,354.87,5,1774.35
2024-11-26,P0028,460.42,4,1841.68
2024-11-27,P0056,138.99,7,972.9300000000001
2024-11-28,P0099,188.39,9,1695.5099999999998
2024-11-29,P0069,286.62,5,1433.1
2024-11-30,P0098,441.45,4,1765.8
2024-12-01,P0098,471.24,9,4241.16
2024-12-02,P0077,371.08,5,1855.3999999999999
2024-12-03,P0058,47.88,9,430.92
2024-12-04,P0078,336.23,8,2689.84
2024-12-05,P0075,208.1,4,832.4
2024-12-06,P0042,238.0,7,1666.0
2024-12-07,P0038,29.33,5,146.64999999999998
2024-12-08,P0068,99.58,4,398.32
2024-12-09,P0053,396.3,5,1981.5
2024-12-10,P0033,229.71,5,1148.55
2024-12-11,P0071,154.32,9,1388.8799999999999
2024-12-12,P0056,195.09,9,1755.81
2024-12-13,P0072,427.93,6,2567.58
2024-12-14,P0051,375.75,4,1503.0
2024-12-15,P0074,139.8,2,279.6
2024-12-16,P0043,63.16,3,189.48
2024-12-17,P0015,129.74,2,259.48
2024-12-18,P0038,460.77,5,2303.85
2024-12-19,P0015,292.89,6,1757.34
2024-12-20,P0005,269.07,5,1345.35
2024-12-21,P0093,300.21,2,600.42
2024-12-22,P0083,186.18,5,930.9000000000001
2024-12-23,P0054,404.52,9,3640.68
2024-12-24,P0051,264.03,4,1056.12
2024-12-25,P0010,62.79,2,125.58
2024-12-26,P0012,68.89,3,206.67000000000002
2024-12-27,P0004,270.75,3,812.25
2024-12-28,P0095,468.6,9,4217.400000000001
2024-12-29,P0018,157.63,4,630.52
2024-12-30,P0080,435.42,1,435.42
2024-12-31,P0036,383.23,1,383.23
2025-01-01,P0025,127.67,7,893.69
2025-01-02,P0087,22.99,7,160.92999999999998
2025-01-03,P0076,55.41,2,110.82
2025-01-04,P0098,365.6,9,3290.4
2025-01-05,P0036,103.84,9,934.5600000000001
2025-01-06,P0067,188.78,5,943.9
2025-01-07,P0009,253.34,3,760.02
2025-01-08,P0061,364.11,3,1092.33
2025-01-09,P0053,61.05,3,183.14999999999998
2025-01-10,P0018,206.15,6,1236.9
2025-01-11,P0043,245.11,4,980.44
2025-01-12,P0035,272.71,8,2181.68
2025-01-13,P0063,410.09,5,2050.45
2025-01-14,P0098,89.98,1,89.98
2025-01-15,P0078,404.88,9,3643.92
2025-01-16,P0004,347.97,1,347.97
2025-01-17,P0093,280.16,6,1680.96
2025-01-18,P0041,351.27,1,351.27
2025-01-19,P0045,208.95,3,626.8499999999999
2025-01-20,P0050,73.51,5,367.55
2025-01-21,P0079,334.55,7,2341.85
2025-01-22,P0028,264.71,8,2117.68
2025-01-23,P0042,321.49,9,2893.41
2025-01-24,P0080,172.31,6,1033.8600000000001
2025-01-25,P0076,453.9,9,4085.1
2025-01-26,P0069,295.75,8,2366.0
2025-01-27,P0098,47.27,9,425.43
2025-01-28,P0001,227.65,4,910.6
2025-01-29,P0039,379.4,9,3414.6
2025-01-30,P0096,398.1,7,2786.7000000000003
2025-01-31,P0090,249.83,5,1249.15
2025-02-01,P0017,447.9,5,2239.5
2025-02-02,P0091,137.5,1,137.5
2025-02-03,P0088,208.25,2,416.5
2025-02-04,P0035,449.81,3,1349.43
2025-02-05,P0046,448.65,8,3589.2
2025-02-06,P0042,344.43,6,2066.58
2025-02-07,P0039,430.2,5,2151.0
2025-02-08,P0090,48.94,1,48.94
2025-02-09,P0049,433.17,9,3898.53
2025-02-10,P0062,163.71,3,491.13
2025-02-11,P0038,93.27,3,279.81
2025-02-12,P0023,123.49,2,246.98
2025-02-13,P0022,211.89,4,847.56
2025-02-14,P0004,129.34,2,258.68
2025-02-15,P0049,163.68,9,1473.1200000000001
2025-02-16,P0059,71.81,7,502.67
2025-02-17,P0073,151.61,8,1212.88
2025-02-18,P0068,288.28,3,864.8399999999999
2025-02-19,P0071,223.72,6,1342.32
2025-02-20,P0087,176.63,6,1059.78
2025-02-21,P0002,374.49,1,374.49
2025-02-22,P0049,447.29,6,2683.7400000000002
2025-02-23,P0088,379.61,3,1138.83
2025-02-24,P0095,169.34,3,508.02
2025-02-25,P0031,373.5,3,1120.5
2025-02-26,P0040,80.23,8,641.84
2025-02-27,P0048,69.51,5,347.55
2025-02-28,P0051,176.09,4,704.36
2025-03-01,P0043,404.81,9,3643.29
2025-03-02,P0098,126.94,9,1142.46
2025-03-03,P0055,36.31,1,36.31
2025-03-04,P0088,70.2,2,140.4
2025-03-05,P0049,430.08,8,3440.64
2025-03-06,P0090,318.72,5,1593.6000000000001
2025-03-07,P0080,130.33,7,912.3100000000001
2025-03-08,P0057,279.87,1,279.87
2025-03-09,P0077,266.15,5,1330.75
2025-03-10,P0015,329.44,3,988.3199999999999
2025-03-11,P0027,120.43,2,240.86
2025-03-12,P0068,432.88,2,865.76
2025-03-13,P0080,158.14,9,1423.2599999999998
2025-03-14,P0064,348.6,4,1394.4
2025-03-15,P0094,12.98,4,51.92
2025-03-16,P0030,189.47,7,1326.29
2025-03-17,P0036,179.1,2,358.2
2025-03-18,P0067,274.02,3,822.06
2025-03-19,P0086,41.0,3,123.0
2025-03-20,P0086,396.12,6,2376.7200000000003
2025-03-21,P0049,112.8,3,338.4
2025-03-22,P0076,340.13,5,1700.65
2025-03-23,P0055,402.59,4,1610.36
2025-03-24,P0085,283.13,3,849.39
2025-03-25,P0056,371.74,8,2973.92
2025-03-26,P0068,332.62,3,997.86
2025-03-27,P0095,180.99,6,1085.94
2025-03-28,P0044,405.38,7,2837.66
2025-03-29,P0031,150.88,7,1056.1599999999999
2025-03-30,P0058,287.75,2,575.5
2025-03-31,P0087,373.97,3,1121.91
2025-04-01,P0053,192.58,4,770.32
2025-04-02,P0084,154.87,7,1084.0900000000001
2025-04-03,P0079,232.38,2,464.76
2025-04-04,P0023,409.89,3,1229.67
2025-04-05,P0028,465.31,7,3257.17
2025-04-06,P0016,274.82,7,1923.74
2025-04-07,P0037,332.43,3,997.29
2025-04-08,P0021,452.12,1,452.12
2025-04-09,P0079,53.78,3,161.34
2025-04-10,P0017,119.88,5,599.4
2025-04-11,P0037,355.91,7,2491.3700000000003
2025-04-12,P0077,412.75,4,1651.0
2025-04-13,P0019,429.23,1,429.23
2025-04-14,P0030,210.48,6,1262.8799999999999
2025-04-15,P0045,49.22,2,98.44
2025-04-16,P0018,221.7,3,665.0999999999999
2025-04-17,P0078,119.21,4,476.84
2025-04-18,P0062,149.14,6,894.8399999999999
2025-04-19,P0036,387.27,6,2323.62
2025-04-20,P0100,42.39,7,296.73
2025-04-21,P0084,414.65,5,2073.25
2025-04-22,P0052,216.7,7,1516.8999999999999
2025-04-23,P0019,300.05,2,600.1
2025-04-24,P0044,49.38,1,49.38
2025-04-25,P0007,171.99,8,1375.92
2025-04-26,P0044,49.4,1,49.4
2025-04-27,P0068,480.96,2,961.92
2025-04-28,P0034,404.59,6,2427.54
2025-04-29,P0066,232.52,1,232.52
2025-04-30,P0069,115.68,3,347.04
2025-05-01,P0055,467.06,7,3269.42
2025-05-02,P0010,175.58,8,1404.64
2025-05-03,P0096,84.69,4,338.76
2025-05-04,P0042,283.77,3,851.31
2025-05-05,P0041,472.17,1,472.17
2025-05-06,P0077,6.9,9,62.1
2025-05-07,P0069,122.87,6,737.22
2025-05-08,P0010,469.53,6,2817.18
2025-05-09,P0010,89.69,9,807.21
2025-05-10,P0091,61.06,1,61.06
2025-05-11,P0060,287.24,6,1723.44
2025-05-12,P0051,431.61,5,2158.05
2025-05-13,P0021,241.17,6,1447.02
2025-05-14,P0008,497.31,8,3978.48
2025-05-15,P0065,341.19,5,1705.95
2025-05-16,P0092,41.67,2,83.34
2025-05-17,P0078,496.45,2,992.9
2025-05-18,P0085,206.91,5,1034.55
2025-05-19,P0030,147.26,3,441.78
2025-05-20,P0085,281.15,3,843.4499999999999
2025-05-21,P0049,155.63,8,1245.04
2025-05-22,P0009,47.8,7,334.59999999999997
2025-05-23,P0017,5.71,1,5.71
2025-05-24,P0069,227.54,5,1137.7
2025-05-25,P0058,419.25,9,3773.25
2025-05-26,P0057,288.3,4,1153.2
2025-05-27,P0062,499.61,1,499.61
2025-05-28,P0095,146.99,8,1175.92
2025-05-29,P0052,143.83,5,719.1500000000001
2025-05-30,P0061,84.08,2,168.16
2025-05-31,P0040,86.21,1,86.21
2025-06-01,P0038,146.17,3,438.51
2025-06-02,P0043,397.46,9,3577.14
2025-06-03,P0063,453.35,1,453.35
2025-06-04,P0019,487.67,4,1950.68
2025-06-05,P0100,119.98,8,959.84
2025-06-06,P0050,441.24,8,3529.92
2025-06-07,P0033,167.49,8,1339.92
2025-06-08,P0013,60.86,8,486.88
2025-06-09,P0078,435.66,4,1742.64
2025-06-10,P0097,319.87,8,2558.96
2025-06-11,P0062,86.54,9,778.86
2025-06-12,P0093,217.77,7,1524.39
2025-06-13,P0043,147.19,2,294.38
2025-06-14,P0049,369.71,9,3327.39
2025-06-15,P0036,229.44,8,1835.52
2025-06-16,P0010,494.69,5,2473.45
2025-06-17,P0095,32.1,3,96.30000000000001
2025-06-18,P0006,180.73,7,1265.11
2025-06-19,P0057,243.54,2,487.08
2025-06-20,P0001,254.05,3,762.1500000000001
2025-06-21,P0071,161.39,9,1452.5099999999998
2025-06-22,P0058,365.97,4,1463.88
2025-06-23,P0091,438.0,4,1752.0
2025-06-24,P0021,469.67,3,1409.01
2025-06-25,P0092,403.52,5,2017.6
2025-06-26,P0080,426.04,3,1278.1200000000001
2025-06-27,P0056,277.52,9,2497.68
2025-06-28,P0087,413.81,3,1241.43
2025-06-29,P0020,155.23,2,310.46
2025-06-30,P0054,202.25,5,1011.25
2025-07-01,P0025,161.87,6,971.22
2025-07-02,P0028,236.36,1,236.36
2025-07-03,P0005,146.36,6,878.1600000000001
2025-07-04,P0021,481.0,3,1443.0
2025-07-05,P0018,159.86,4,639.44
2025-07-06,P0047,53.53,6,321.18
2025-07-07,P0070,265.77,8,2126.16
2025-07-08,P0057,33.26,9,299.34
2025-07-09,P0093,59.72,6,358.32
2025-07-10,P0019,113.6,7,795.1999999999999
2025-07-11,P0097,234.85,5,1174.25
2025-07-12,P0065,219.46,9,1975.14
2025-07-13,P0003,400.85,4,1603.4
2025-07-14,P0042,371.04,6,2226.2400000000002
2025-07-15,P0021,216.03,5,1080.15
2025-07-16,P0099,170.18,1,170.18
2025-07-17,P0040,161.65,5,808.25
2025-07-18,P0067,388.13,5,1940.65
2025-07-19,P0025,30.78,9,277.02
2025-07-20,P0055,11.35,1,11.35
2025-07-21,P0084,398.79,5,1993.95
2025-07-22,P0052,241.19,7,1688.33
2025-07-23,P0044,69.79,6,418.74
2025-07-24,P0098,121.61,6,729.66
2025-07-25,P0085,466.59,7,3266.1299999999997
2025-07-26,P0056,430.45,6,2582.7
2025-07-27,P0055,356.34,5,1781.6999999999998
2025-07-28,P0087,243.7,5,1218.5
2025-07-29,P0070,262.56,9,2363.04
2025-07-30,P0077,487.75,8,3902.0
2025-07-31,P0087,483.06,4,1932.24
2025-08-01,P0073,111.56,4,446.24
2025-08-02,P0081,406.5,5,2032.5
2025-08-03,P0066,102.64,3,307.92
2025-08-04,P0019,110.7,8,885.6
2025-08-05,P0083,339.67,7,2377.69
2025-08-06,P0007,205.48,5,1027.3999999999999
2025-08-07,P0063,466.11,3,1398.33
2025-08-08,P0042,49.06,5,245.3
2025-08-09,P0042,258.21,3,774.6299999999999
2025-08-10,P0059,459.67,5,2298.35
2025-08-11,P0020,452.54,1,452.54
2025-08-12,P0073,82.48,6,494.88
2025-08-13,P0017,186.49,4,745.96
2025-08-14,P0027,311.47,4,1245.88
2025-08-15,P0047,83.9,8,671.2
2025-08-16,P0002,484.17,2,968.34
2025-08-17,P0063,457.8,4,1831.2
2025-08-18,P0062,87.64,2,175.28
2025-08-19,P0100,64.97,1,64.97
2025-08-20,P0019,47.28,3,141.84
2025-08-21,P0017,455.17,8,3641.36
2025-08-22,P0069,100.84,6,605.04
2025-08-23,P0039,211.06,7,1477.42
2025-08-24,P0082,227.18,2,454.36
2025-08-25,P0071,301.51,6,1809.06
2025-08-26,P0081,40.51,8,324.08
2025-08-27,P0039,117.25,8,938.0
2025-08-28,P0036,466.09,4,1864.36
2025-08-29,P0040,454.66,6,2727.96
2025-08-30,P0045,391.74,5,1958.7
2025-08-31,P0004,14.6,9,131.4
2025-09-01,P0025,166.87,8,1334.96
2025-09-02,P0069,315.84,2,631.68
2025-09-03,P0030,141.22,7,988.54
2025-09-04,P0076,455.25,7,3186.75
2025-09-05,P0068,318.78,1,318.78
2025-09-06,P0088,40.59,1,40.59
2025-09-07,P0029,454.96,4,1819.84
2025-09-08,P0073,479.09,5,2395.45
2025-09-09,P0068,43.47,4,173.88
2025-09-10,P0051,268.52,7,1879.6399999999999
2025-09-11,P0024,155.17,3,465.51
2025-09-12,P0014,199.46,7,1396.22
2025-09-13,P0069,93.93,8,751.44
2025-09-14,P0018,291.15,6,1746.8999999999999
2025-09-15,P0042,479.2,6,2875.2
2025-09-16,P0057,254.02,8,2032.16
2025-09-17,P0083,46.04,8,368.32
2025-09-18,P0012,311.9,7,2183.2999999999997
2025-09-19,P0082,173.41,6,1040.46
2025-09-20,P0017,428.68,6,2572.08
2025-09-21,P0030,220.17,6,1321.02
2025-09-22,P0088,100.46,8,803.68
2025-09-23,P0075,99.6,1,99.6
2025-09-24,P0099,385.54,5,1927.7
2025-09-25,P0023,136.47,3,409.40999999999997
2025-09-26,P0081,384.78,8,3078.24
2025-09-27,P0001,106.91,6,641.46
2025-09-28,P0079,164.23,2,328.46
2025-09-29,P0032,235.42,7,1647.9399999999998
2025-09-30,P0009,471.88,7,3303.16
2025-10-01,P0015,466.21,5,2331.0499999999997
2025-10-02,P0028,107.4,8,859.2
2025-10-03,P0024,182.32,5,911.5999999999999
2025-10-04,P0060,78.95,1,78.95
2025-10-05,P0035,257.44,9,2316.96
2025-10-06,P0086,232.99,4,931.96
2025-10-07,P0027,450.88,2,901.76
2025-10-08,P0083,465.35,4,1861.4
2025-10-09,P0076,194.87,9,1753.83
2025-10-10,P0020,248.41,2,496.82
2025-10-11,P0065,448.64,4,1794.56
2025-10-12,P0085,404.32,2,808.64
2025-10-13,P0049,6.81,5,34.05
2025-10-14,P0001,163.43,3,490.29
2025-10-15,P0010,213.78,2,427.56
2025-10-16,P0047,118.71,9,1068.3899999999999
2025-10-17,P0059,103.79,5,518.95
2025-10-18,P0096,23.7,5,118.5
2025-10-19,P0062,323.47,1,323.47
2025-10-20,P0086,134.94,6,809.64
2025-10-21,P0018,30.91,7,216.37
2025-10-22,P0046,119.33,1,119.33
2025-10-23,P0032,401.95,9,3617.5499999999997
2025-10-24,P0027,426.49,8,3411.92
2025-10-25,P0092,244.12,8,1952.96
2025-10-26,P0018,210.95,7,1476.6499999999999
2025-10-27,P0039,489.04,5,2445.2000000000003
2025-10-28,P0049,104.28,3,312.84000000000003
2025-10-29,P0093,111.6,9,1004.4
2025-10-30,P0082,149.47,7,1046.29
2025-10-31,P0044,90.51,8,724.08
2025-11-01,P0072,192.79,6,1156.74
2025-11-02,P0054,455.86,5,2279.3
2025-11-03,P0095,309.6,8,2476.8
2025-11-04,P0034,208.91,3,626.73
2025-11-05,P0071,467.53,7,3272.71
2025-11-06,P0036,28.99,2,57.98
2025-11-07,P0018,109.09,3,327.27
2025-11-08,P0038,285.11,2,570.22
2025-11-09,P0059,309.7,5,1548.5
2025-11-10,P0009,24.58,7,172.06
2025-11-11,P0073,204.5,1,204.5
2025-11-12,P0072,326.33,9,2936.97
2025-11-13,P0051,350.54,1,350.54
2025-11-14,P0035,320.88,1,320.88
2025-11-15,P0082,163.68,8,1309.44
2025-11-16,P0005,51.29,6,307.74
2025-11-17,P0014,216.42,6,1298.52
2025-11-18,P0092,68.73,9,618.57
2025-11-19,P0030,474.07,4,1896.28
2025-11-20,P0004,240.21,8,1921.68
2025-11-21,P0039,162.04,4,648.16
2025-11-22,P0084,384.32,2,768.64
2025-11-23,P0064,251.48,8,2011.84
2025-11-24,P0025,158.47,7,1109.29
2025-11-25,P0028,406.92,4,1627.68
2025-11-26,P0076,434.24,9,3908.16
2025-11-27,P0066,338.14,9,3043.2599999999998
2025-11-28,P0078,28.25,8,226.0
2025-11-29,P0022,285.33,1,285.33
2025-11-30,P0031,382.83,7,2679.81
2025-12-01,P0023,72.57,5,362.84999999999997
2025-12-02,P0048,118.19,7,827.3299999999999
2025-12-03,P0020,441.84,9,3976.56
2025-12-04,P0038,14.96,2,29.92
2025-12-05,P0055,377.6,4,1510.4
2025-12-06,P0068,239.52,4,958.08
2025-12-07,P0079,226.15,2,452.3
2025-12-08,P0088,8.51,3,25.53
2025-12-09,P0089,410.6,8,3284.8
2025-12-10,P0001,183.11,9,1647.9900000000002
2025-12-11,P0007,272.68,6,1636.08
2025-12-12,P0057,340.26,2,680.52
2025-12-13,P0095,352.8,2,705.6
2025-12-14,P0012,478.21,7,3347.47
2025-12-15,P0005,268.01,8,2144.08
2025-12-16,P0050,202.86,8,1622.88
2025-12-17,P0042,477.08,6,2862.48
2025-12-18,P0012,322.84,8,2582.72
2025-12-19,P0018,152.58,1,152.58
2025-12-20,P0066,67.6,9,608.4
2025-12-21,P0074,422.06,1,422.06
2025-12-22,P0079,184.28,3,552.84
2025-12-23,P0094,331.93,9,2987.37
2025-12-24,P0017,238.05,5,1190.25
2025-12-25,P0068,103.47,9,931.23
2025-12-26,P0071,302.83,9,2725.47
2025-12-27,P0062,35.04,6,210.24
2025-12-28,P0041,209.6,1,209.6
2025-12-29,P0095,275.57,7,1928.99
2025-12-30,P0034,220.84,6,1325.04
2025-12-31,P0070,375.59,9,3380.31
2026-01-01,P0045,414.82,7,2903.74
2026-01-02,P0058,386.77,4,1547.08
2026-01-03,P0051,24.21,7,169.47
2026-01-04,P0034,101.09,2,202.18
2026-01-05,P0044,270.62,6,1623.72
2026-01-06,P0015,467.74,6,2806.44
2026-01-07,P0078,418.3,2,836.6
2026-01-08,P0070,422.05,4,1688.2
2026-01-09,P0050,155.09,8,1240.72
2026-01-10,P0032,217.58,8,1740.64
2026-01-11,P0067,238.0,8,1904.0
2026-01-12,P0003,82.9,8,663.2
2026-01-13,P0086,20.38,1,20.38
2026-01-14,P0086,473.72,2,947.44
2026-01-15,P0074,124.15,4,496.6
2026-01-16,P0051,123.77,9,1113.93
2026-01-17,P0067,46.27,3,138.81
2026-01-18,P0076,464.61,6,2787.66
2026-01-19,P0093,291.97,7,2043.7900000000002
2026-01-20,P0048,335.18,8,2681.44
2026-01-21,P0017,456.23,7,3193.61
2026-01-22,P0007,176.08,3,528.24
2026-01-23,P0013,312.65,6,1875.8999999999999
2026-01-24,P0066,24.21,5,121.05000000000001
2026-01-25,P0004,97.45,4,389.8
2026-01-26,P0010,416.47,1,416.47
2026-01-27,P0088,384.55,7,2691.85
2026-01-28,P0017,178.57,8,1428.56
2026-01-29,P0052,191.52,2,383.04
2026-01-30,P0006,269.11,7,1883.77
2026-01-31,P0083,5.12,6,30.72
2026-02-01,P0069,124.42,5,622.1
2026-02-02,P0096,108.07,4,432.28
2026-02-03,P0074,128.99,2,257.98
2026-02-04,P0009,403.92,6,2423.52
2026-02-05,P0091,143.44,5,717.2
2026-02-06,P0077,99.8,2,199.6
2026-02-07,P0083,254.61,7,1782.27
2026-02-08,P0021,433.49,6,2600.94
2026-02-09,P0024,124.47,9,1120.23
2026-02-10,P0004,43.88,5,219.4
2026-02-11,P0024,181.42,9,1632.78
2026-02-12,P0059,375.09,9,3375.81
2026-02-13,P0099,277.59,1,277.59
2026-02-14,P0003,409.31,5,2046.55
2026-02-15,P0068,480.0,9,4320.0
2026-02-16,P0040,397.37,7,2781.59
2026-02-17,P0048,303.88,6,1823.28
2026-02-18,P0054,249.2,6,1495.1999999999998
2026-02-19,P0035,24.83,7,173.81
2026-02-20,P0095,492.24,1,492.24
2026-02-21,P0056,194.82,4,779.28
2026-02-22,P0089,80.35,1,80.35
2026-02-23,P0040,335.02,6,2010.12
2026-02-24,P0077,145.72,4,582.88
2026-02-25,P0068,294.96,1,294.96
2026-02-26,P0046,295.45,9,2659.0499999999997
2026-02-27,P0078,225.64,4,902.56
2026-02-28,P0013,418.88,6,2513.2799999999997
2026-03-01,P0027,136.16,7,953.12
2026-03-02,P0006,227.07,8,1816.56
2026-03-03,P0017,271.16,9,2440.44
2026-03-04,P0036,333.49,9,3001.41
2026-03-05,P0099,393.07,8,3144.56
2026-03-06,P0081,200.43,3,601.29
2026-03-07,P0002,324.79,2,649.58
2026-03-08,P0077,79.55,5,397.75
2026-03-09,P0052,466.66,1,466.66
2026-03-10,P0066,194.61,3,583.83
2026-03-11,P0052,366.11,1,366.11
2026-03-12,P0092,15.07,3,45.21
2026-03-13,P0043,106.57,4,426.28
2026-03-14,P0090,246.11,7,1722.77
2026-03-15,P0022,439.73,5,2198.65
2026-03-16,P0055,265.99,5,1329.95
2026-03-17,P0067,465.29,1,465.29
2026-03-18,P0099,244.48,8,1955.84
2026-03-19,P0060,247.77,4,991.08
2026-03-20,P0058,64.27,5,321.34999999999997
2026-03-21,P0012,402.31,2,804.62
2026-03-22,P0088,127.25,1,127.25
2026-03-23,P0069,450.31,9,4052.79
2026-03-24,P0084,455.86,2,911.72
2026-03-25,P0039,471.94,6,2831.64
2026-03-26,P0013,262.51,1,262.51
2026-03-27,P0041,340.16,1,340.16
2026-03-28,P0057,390.37,9,3513.33
2026-03-29,P0053,69.85,4,279.4
2026-03-30,P0012,302.47,9,2722.2300000000005
2026-03-31,P0013,21.98,5,109.9
2026-04-01,P0074,251.3,7,1759.1000000000001
2026-04-02,P0097,81.65,1,81.65
2026-04-03,P0057,95.55,6,573.3
2026-04-04,P0040,185.7,8,1485.6
2026-04-05,P0080,219.06,1,219.06
2026-04-06,P0045,313.47,9,2821.2300000000005
2026-04-07,P0035,41.84,3,125.52000000000001
2026-04-08,P0003,254.33,1,254.33
2026-04-09,P0005,95.4,1,95.4
2026-04-10,P0090,289.12,6,1734.72
2026-04-11,P0011,320.52,6,1923.12
2026-04-12,P0071,280.57,1,280.57
2026-04-13,P0056,370.46,3,1111.3799999999999
2026-04-14,P0010,171.13,7,1197.9099999999999
2026-04-15,P0034,383.73,3,1151.19
2026-04-16,P0067,219.22,3,657.66
2026-04-17,P0072,244.67,3,734.01
2026-04-18,P0031,325.81,7,2280.67
2026-04-19,P0075,14.09,4,56.36
2026-04-20,P0071,328.73,4,1314.92
2026-04-21,P0066,311.2,3,933.5999999999999
2026-04-22,P0070,158.37,9,1425.33
2026-04-23,P0041,47.47,2,94.94
2026-04-24,P0063,50.01,4,200.04
2026-04-25,P0032,462.0,8,3696.0
2026-04-26,P0020,346.19,6,2077.14
2026-04-27,P0057,67.92,7,475.44
2026-04-28,P0098,181.58,7,1271.0600000000002
2026-04-29,P0050,298.28,2,596.56
2026-04-30,P0080,418.61,4,1674.44
2026-05-01,P0025,26.61,6,159.66
2026-05-02,P0012,122.13,3,366.39
2026-05-03,P0071,445.43,9,4008.87
2026-05-04,P0039,9.54,4,38.16
2026-05-05,P0017,104.69,2,209.38
2026-05-06,P0045,479.72,6,2878.32
2026-05-07,P0011,308.63,1,308.63
2026-05-08,P0070,134.53,6,807.1800000000001
2026-05-09,P0023,38.16,1,38.16
2026-05-10,P0091,18.95,8,151.6
2026-05-11,P0070,126.15,5,630.75
2026-05-12,P0038,441.34,6,2648.04
2026-05-13,P0002,210.88,2,421.76
2026-05-14,P0086,361.57,2,723.14
2026-05-15,P0084,459.55,9,4135.95
2026-05-16,P0089,206.98,3,620.9399999999999
2026-05-17,P0079,99.68,6,598.08
2026-05-18,P0093,260.97,5,1304.8500000000001
2026-05-19,P0072,454.5,4,1818.0
2026-05-20,P0037,403.17,2,806.34
2026-05-21,P0049,37.59,8,300.72
2026-05-22,P0052,347.82,7,2434.74
2026-05-23,P0033,288.09,2,576.18
2026-05-24,P0022,454.19,6,2725.14
2026-05-25,P0005,65.63,8,525.04
2026-05-26,P0018,269.35,7,1885.4500000000003
2026-05-27,P0038,440.33,1,440.33
2026-05-28,P0037,207.96,5,1039.8
2026-05-29,P0094,243.59,2,487.18
2026-05-30,P0095,39.88,6,239.28000000000003
2026-05-31,P0064,142.68,7,998.76
2026-06-01,P0010,165.63,7,1159.4099999999999
2026-06-02,P0079,472.84,3,1418.52
2026-06-03,P0042,144.92,7,1014.4399999999999
2026-06-04,P0048,233.13,5,1165.65
2026-06-05,P0044,337.3,8,2698.4
2026-06-06,P0082,85.28,8,682.24
2026-06-07,P0087,245.79,7,1720.53
2026-06-08,P0097,370.58,6,2223.48
2026-06-09,P0016,434.09,2,868.18
2026-06-10,P0054,315.0,6,1890.0
2026-06-11,P0035,336.18,9,3025.62
2026-06-12,P0098,67.51,2,135.02
2026-06-13,P0028,473.16,1,473.16
2026-06-14,P0002,70.62,5,353.1
2026-06-15,P0094,388.46,6,2330.7599999999998
2026-06-16,P0013,136.08,3,408.24
2026-06-17,P0041,467.13,8,3737.04
2026-06-18,P0080,361.38,7,2529.66
2026-06-19,P0059,378.14,2,756.28
2026-06-20,P0069,113.43,7,794.01
2026-06-21,P0092,224.3,1,224.3
2026-06-22,P0053,310.82,9,2797.38
2026-06-23,P0045,386.14,7,2702.98
2026-06-24,P0020,56.46,6,338.76
2026-06-25,P0024,481.37,2,962.74
2026-06-26,P0061,445.66,3,1336.98
2026-06-27,P0091,138.82,1,138.82
2026-06-28,P0094,412.27,5,2061.35
2026-06-29,P0058,261.57,9,2354.13
2026-06-30,P0027,233.59,6,1401.54
2026-07-01,P0026,160.64,5,803.1999999999999
2026-07-02,P0007,292.58,3,877.74
2026-07-03,P0042,366.3,5,1831.5
2026-07-04,P0047,208.41,8,1667.28
2026-07-05,P0053,316.46,2,632.92
2026-07-06,P0059,351.16,5,1755.8000000000002
2026-07-07,P0038,357.01,6,2142.06
2026-07-08,P0069,30.72,8,245.76
2026-07-09,P0087,430.58,8,3444.64
2026-07-10,P0092,231.84,5,1159.2
2026-07-11,P0098,134.9,9,1214.1000000000001
2026-07-12,P0053,124.67,4,498.68
2026-07-13,P0015,244.09,9,2196.81
2026-07-14,P0096,443.98,7,3107.86
2026-07-15,P0026,192.28,6,1153.68
2026-07-16,P0048,376.11,4,1504.44
2026-07-17,P0095,52.93,2,105.86
2026-07-18,P0019,240.65,8,1925.2
2026-07-19,P0009,495.88,6,2975.2799999999997
2026-07-20,P0064,386.37,3,1159.1100000000001
2026-07-21,P0093,109.21,7,764.4699999999999
2026-07-22,P0054,253.21,7,1772.47
2026-07-23,P0051,120.64,6,723.84
2026-07-24,P0039,207.73,2,415.46
2026-07-25,P0004,391.14,8,3129.12
2026-07-26,P0003,386.76,1,386.76
2026-07-27,P0064,117.91,1,117.91
2026-07-28,P0029,461.5,6,2769.0
2026-07-29,P0011,298.32,5,1491.6
2026-07-30,P0097,193.06,9,1737.54
2026-07-31,P0058,253.46,7,1774.22
2026-08-01,P0075,304.51,2,609.02
2026-08-02,P0027,282.15,7,1975.0499999999997
2026-08-03,P0097,245.77,3,737.3100000000001
2026-08-04,P0021,254.94,1,254.94
2026-08-05,P0039,92.32,8,738.56
2026-08-06,P0095,407.3,3,1221.9
2026-08-07,P0046,273.17,8,2185.36
2026-08-08,P0066,69.88,7,489.15999999999997
2026-08-09,P0091,384.25,2,768.5
2026-08-10,P0036,466.56,1,466.56
2026-08-11,P0075,473.92,7,3317.44
2026-08-12,P0082,187.66,1,187.66
2026-08-13,P0065,72.08,6,432.48
2026-08-14,P0063,261.61,8,2092.88
2026-08-15,P0099,60.74,7,425.18
2026-08-16,P0035,467.32,4,1869.28
2026-08-17,P0031,95.87,1,95.87
2026-08-18,P0028,130.12,1,130.12
2026-08-19,P0001,206.29,4,825.16
2026-08-20,P0025,194.67,5,973.3499999999999
2026-08-21,P0043,398.36,7,2788.52
2026-08-22,P0084,230.88,4,923.52
2026-08-23,P0067,89.53,1,89.53
2026-08-24,P0063,137.27,7,960.8900000000001
2026-08-25,P0051,257.01,2,514.02
2026-08-26,P0002,77.99,2,155.98
2026-08-27,P0082,307.77,8,2462.16
2026-08-28,P0064,285.04,5,1425.2
2026-08-29,P0074,358.78,2,717.56
2026-08-30,P0069,469.16,5,2345.8
2026-08-31,P0009,456.57,8,3652.56
2026-09-01,P0002,473.31,6,2839.86
2026-09-02,P0034,126.13,3,378.39
2026-09-03,P0060,70.12,8,560.96
2026-09-04,P0061,154.63,9,1391.67
2026-09-05,P0031,448.07,5,2240.35
2026-09-06,P0010,486.17,2,972.34
2026-09-07,P0076,430.37,2,860.74
2026-09-08,P0036,59.46,7,416.22
2026-09-09,P0085,473.98,1,473.98
2026-09-10,P0049,214.56,2,429.12
2026-09-11,P0070,9.61,4,38.44
2026-09-12,P0049,223.98,1,223.98
2026-09-13,P0003,27.8,4,111.2
2026-09-14,P0074,274.22,5,1371.1000000000001
2026-09-15,P0005,172.58,9,1553.22
2026-09-16,P0090,239.35,1,239.35
2026-09-17,P0061,308.52,5,1542.6
2026-09-18,P0085,435.06,2,870.12
2026-09-19,P0090,332.64,9,2993.7599999999998
2026-09-20,P0026,219.85,6,1319.1
2026-09-21,P0072,410.62,2,821.24
2026-09-22,P0005,453.26,3,1359.78
2026-09-23,P0015,64.28,8,514.24
2026-09-24,P0016,268.31,1,268.31
2026-09-25,P0001,145.83,3,437.49
2026-09-26,P0016,28.3,1,28.3
2026-09-27,P0037,335.93,8,2687.44
2026-09-28,P0003,432.07,1,432.07
2026-09-29,P0052,85.64,5,428.2
2026-09-30,P0047,407.14,4,1628.56
2026-10-01,P0095,427.43,7,2992.01
2026-10-02,P0013,457.6,5,2288.0
2026-10-03,P0080,136.32,8,1090.56
2026-10-04,P0055,452.46,1,452.46
2026-10-05,P0021,163.73,5,818.65
2026-10-06,P0066,278.41,4,1113.64
2026-10-07,P0054,30.0,3,90.0
2026-10-08,P0027,26.72,5,133.6
2026-10-09,P0038,361.58,3,1084.74
2026-10-10,P0090,225.02,8,1800.16
2026-10-11,P0058,131.86,3,395.58000000000004
2026-10-12,P0062,99.25,1,99.25
2026-10-13,P0046,336.63,9,3029.67
2026-10-14,P0089,5.2,9,46.800000000000004
2026-10-15,P0011,403.92,6,2423.52
2026-10-16,P0072,44.23,1,44.23
2026-10-17,P0008,99.79,8,798.32
2026-10-18,P0097,196.19,2,392.38
2026-10-19,P0071,245.01,9,2205.09
2026-10-20,P0064,180.72,8,1445.76
2026-10-21,P0021,163.75,3,491.25
2026-10-22,P0072,482.14,5,2410.7
2026-10-23,P0063,322.58,9,2903.22
2026-10-24,P0085,16.6,1,16.6
2026-10-25,P0064,217.94,9,1961.46
2026-10-26,P0020,438.13,4,1752.52
2026-10-27,P0008,154.22,4,616.88
2026-10-28,P0058,51.81,4,207.24
2026-10-29,P0046,380.4,9,3423.6
2026-10-30,P0031,304.98,6,1829.88
2026-10-31,P0093,287.3,8,2298.4
2026-11-01,P0009,31.52,4,126.08
2026-11-02,P0015,74.55,3,223.64999999999998
2026-11-03,P0094,313.16,1,313.16
2026-11-04,P0026,107.87,7,755.09
2026-11-05,P0010,254.51,4,1018.04
2026-11-06,P0029,274.72,8,2197.76
2026-11-07,P0080,145.34,3,436.02
2026-11-08,P0036,474.47,1,474.47
2026-11-09,P0084,422.02,5,2110.1
2026-11-10,P0037,362.57,2,725.14
2026-11-11,P0086,43.61,3,130.82999999999998
2026-11-12,P0071,57.53,6,345.18
2026-11-13,P0023,248.93,3,746.79
2026-11-14,P0041,84.55,3,253.64999999999998
2026-11-15,P0093,489.24,6,2935.44
2026-11-16,P0080,83.47,5,417.35
2026-11-17,P0028,246.3,9,2216.7000000000003
2026-11-18,P0048,185.24,1,185.24
2026-11-19,P0038,321.5,3,964.5
2026-11-20,P0031,68.87,3,206.61
2026-11-21,P0014,218.01,6,1308.06
2026-11-22,P0097,140.98,8,1127.84
2026-11-23,P0073,444.44,3,1333.32
2026-11-24,P0091,25.09,3,75.27
2026-11-25,P0088,457.3,6,2743.8
2026-11-26,P0077,417.33,8,3338.64
2026-11-27,P0090,152.3,6,913.8000000000001
2026-11-28,P0029,395.7,3,1187.1
2026-11-29,P0051,20.45,4,81.8
2026-11-30,P0049,483.6,1,483.6
2026-12-01,P0043,265.66,8,2125.28
2026-12-02,P0092,155.12,4,620.48
2026-12-03,P0092,184.48,6,1106.8799999999999
2026-12-04,P0072,37.87,3,113.60999999999999
2026-12-05,P0087,494.73,6,2968.38
2026-12-06,P0093,24.45,9,220.04999999999998
2026-12-07,P0005,329.18,9,2962.62
2026-12-08,P0042,224.15,3,672.45
2026-12-09,P0007,474.71,3,1424.1299999999999
2026-12-10,P0042,126.77,4,507.08
2026-12-11,P0036,268.38,7,1878.6599999999999
2026-12-12,P0027,243.77,3,731.3100000000001
2026-12-13,P0058,352.92,8,2823.36
2026-12-14,P0046,38.67,8,309.36
2026-12-15,P0066,100.93,6,605.58
2026-12-16,P0025,111.21,4,444.84
2026-12-17,P0073,370.38,5,1851.9
2026-12-18,P0027,98.62,2,197.24
2026-12-19,P0001,288.88,6,1733.28
2026-12-20,P0087,111.55,3,334.65
2026-12-21,P0074,431.5,6,2589.0
2026-12-22,P0042,471.38,5,2356.9
2026-12-23,P0052,261.65,2,523.3
2026-12-24,P0025,179.39,5,896.9499999999999
2026-12-25,P0054,120.86,5,604.3
2026-12-26,P0067,29.64,9,266.76
2026-12-27,P0006,137.91,8,1103.28
2026-12-28,P0058,328.85,7,2301.9500000000003
2026-12-29,P0070,269.14,3,807.42
2026-12-30,P0053,472.3,4,1889.2
2026-12-31,P0066,201.16,6,1206.96
2027-01-01,P0058,348.46,3,1045.3799999999999
2027-01-02,P0082,247.21,9,2224.89
2027-01-03,P0087,258.73,8,2069.84
2027-01-04,P0002,137.55,6,825.3000000000001
2027-01-05,P0076,230.2,4,920.8
2027-01-06,P0022,238.04,7,1666.28
2027-01-07,P0037,354.79,3,1064.3700000000001
2027-01-08,P0020,470.62,8,3764.96
2027-01-09,P0024,168.01,1,168.01
2027-01-10,P0084,25.89,3,77.67
2027-01-11,P0065,250.67,5,1253.35
2027-01-12,P0065,274.51,5,1372.55
2027-01-13,P0081,88.38,2,176.76
2027-01-14,P0001,381.43,8,3051.44
2027-01-15,P0094,492.54,5,2462.7000000000003
2027-01-16,P0003,473.16,7,3312.1200000000003
2027-01-17,P0046,102.57,7,717.99
2027-01-18,P0055,438.3,5,2191.5
2027-01-19,P0075,353.72,8,2829.76
2027-01-20,P0088,229.65,9,2066.85
2027-01-21,P0086,272.6,4,1090.4
2027-01-22,P0064,425.55,4,1702.2
2027-01-23,P0045,242.67,8,1941.36
2027-01-24,P0026,189.74,1,189.74
2027-01-25,P0077,249.16,4,996.64
2027-01-26,P0065,291.67,6,1750.02
2027-01-27,P0024,98.59,4,394.36
2027-01-28,P0074,450.95,6,2705.7
2027-01-29,P0035,338.72,5,1693.6000000000001
2027-01-30,P0024,318.47,9,2866.2300000000005
2027-01-31,P0028,54.25,9,488.25
2027-02-01,P0100,304.07,4,1216.28
2027-02-02,P0080,64.88,4,259.52
2027-02-03,P0016,43.96,8,351.68
2027-02-04,P0059,266.02,4,1064.08
2027-02-05,P0081,204.38,2,408.76
2027-02-06,P0054,296.46,2,592.92
2027-02-07,P0079,49.16,1,49.16
2027-02-08,P0016,218.34,5,1091.7
2027-02-09,P0015,91.52,6,549.12
2027-02-10,P0098,493.61,9,4442.49
2027-02-11,P0011,282.77,5,1413.85
2027-02-12,P0065,345.28,6,2071.68
2027-02-13,P0079,166.08,6,996.48
2027-02-14,P0090,51.9,3,155.7
2027-02-15,P0068,488.06,4,1952.24
2027-02-16,P0043,146.7,1,146.7
2027-02-17,P0069,214.79,4,859.16
2027-02-18,P0099,326.68,1,326.68
2027-02-19,P0013,17.23,5,86.15
2027-02-20,P0010,406.08,8,3248.64
2027-02-21,P0075,270.61,8,2164.88
2027-02-22,P0082,142.72,5,713.6
2027-02-23,P0098,35.5,2,71.0
2027-02-24,P0041,85.44,6,512.64
2027-02-25,P0050,448.04,1,448.04
2027-02-26,P0087,344.58,7,2412.06
2027-02-27,P0071,128.7,4,514.8
2027-02-28,P0059,37.47,5,187.35
2027-03-01,P0039,346.85,6,2081.1000000000004
2027-03-02,P0003,288.34,1,288.34
2027-03-03,P0076,205.24,9,1847.16
2027-03-04,P0007,184.99,4,739.96
2027-03-05,P0049,112.32,8,898.56
2027-03-06,P0026,336.46,5,1682.3
2027-03-07,P0033,485.48,8,3883.84
2027-03-08,P0048,91.98,1,91.98
2027-03-09,P0079,300.57,8,2404.56
2027-03-10,P0002,214.97,4,859.88
2027-03-11,P0071,226.11,2,452.22
2027-03-12,P0032,130.8,6,784.8000000000001
2027-03-13,P0004,413.44,2,826.88
2027-03-14,P0020,245.2,5,1226.0
2027-03-15,P0036,273.99,2,547.98
2027-03-16,P0032,155.86,3,467.58000000000004
2027-03-17,P0028,95.0,6,570.0
2027-03-18,P0077,47.53,1,47.53
2027-03-19,P0001,358.49,6,2150.94
2027-03-20,P0060,102.14,3,306.42
2027-03-21,P0056,346.59,7,2426.1299999999997
2027-03-22,P0035,198.24,2,396.48
2027-03-23,P0030,210.81,6,1264.8600000000001
2027-03-24,P0054,237.24,8,1897.92
2027-03-25,P0036,187.02,1,187.02
2027-03-26,P0055,54.81,9,493.29
2027-03-27,P0089,158.27,5,791.35
2027-03-28,P0080,333.55,5,1667.75
2027-03-29,P0058,334.56,5,1672.8
2027-03-30,P0083,146.68,6,880.08
2027-03-31,P0065,232.75,2,465.5
2027-04-01,P0069,100.76,6,604.5600000000001
2027-04-02,P0051,109.13,4,436.52
2027-04-03,P0022,16.41,8,131.28
2027-04-04,P0088,448.89,9,4040.0099999999998
2027-04-05,P0053,109.3,9,983.6999999999999
2027-04-06,P0100,117.63,8,941.04
2027-04-07,P0036,143.4,3,430.20000000000005
2027-04-08,P0068,68.07,4,272.28
2027-04-09,P0036,321.44,1,321.44
2027-04-10,P0052,42.2,9,379.8
2027-04-11,P0053,71.43,5,357.15000000000003
2027-04-12,P0082,324.15,6,1944.8999999999999
2027-04-13,P0050,173.13,3,519.39
2027-04-14,P0080,355.43,8,2843.44
2027-04-15,P0041,280.93,7,1966.51
2027-04-16,P0018,131.73,1,131.73
2027-04-17,P0022,327.16,5,1635.8000000000002
2027-04-18,P0066,62.56,9,563.04
2027-04-19,P0021,270.52,6,1623.12
2027-04-20,P0100,221.39,8,1771.12
2027-04-21,P0044,137.6,1,137.6
2027-04-22,P0047,303.98,7,2127.86
2027-04-23,P0039,436.31,3,1308.93
2027-04-24,P0029,499.46,9,4495.139999999999
2027-04-25,P0054,305.84,6,1835.04
2027-04-26,P0090,205.33,5,1026.65
2027-04-27,P0085,116.48,8,931.84
2027-04-28,P0017,132.26,8,1058.08
2027-04-29,P0080,242.33,3,726.99
2027-04-30,P0060,186.8,2,373.6
2027-05-01,P0031,457.34,2,914.68
2027-05-02,P0073,187.31,5,936.55
2027-05-03,P0095,189.86,7,1329.02
2027-05-04,P0078,194.85,8,1558.8
2027-05-05,P0049,419.13,8,3353.04
2027-05-06,P0002,327.14,8,2617.12
2027-05-07,P0048,309.01,3,927.03
2027-05-08,P0014,170.4,2,340.8
2027-05-09,P0059,409.86,4,1639.44
2027-05-10,P0097,23.99,1,23.99
2027-05-11,P0099,436.04,3,1308.1200000000001
2027-05-12,P0058,258.81,9,2329.29
2027-05-13,P0058,202.13,7,1414.9099999999999
2027-05-14,P0051,251.1,7,1757.7
2027-05-15,P0084,335.37,1,335.37
2027-05-16,P0002,11.32,7,79.24000000000001
2027-05-17,P0041,436.42,7,3054.94
2027-05-18,P0083,226.14,4,904.56
2027-05-19,P0082,174.77,7,1223.39
2027-05-20,P0016,73.43,8,587.44
2027-05-21,P0004,222.54,3,667.62
2027-05-22,P0012,250.68,2,501.36
2027-05-23,P0029,204.81,7,1433.67
2027-05-24,P0007,340.94,5,1704.7
2027-05-25,P0014,213.34,5,1066.7
2027-05-26,P0012,480.9,5,2404.5
2027-05-27,P0099,301.64,7,2111.48
2027-05-28,P0005,404.7,9,3642.2999999999997
2027-05-29,P0081,59.13,8,473.04
2027-05-30,P0032,201.66,6,1209.96
2027-05-31,P0074,171.74,7,1202.18
2027-06-01,P0043,286.89,9,2582.0099999999998
2027-06-02,P0081,431.25,6,2587.5
2027-06-03,P0069,43.78,1,43.78
2027-06-04,P0045,40.92,4,163.68
2027-06-05,P0009,425.91,8,3407.28
2027-06-06,P0049,110.36,7,772.52
2027-06-07,P0033,336.03,3,1008.0899999999999
2027-06-08,P0100,273.72,3,821.1600000000001
2027-06-09,P0100,417.28,3,1251.84
2027-06-10,P0018,66.92,1,66.92
2027-06-11,P0009,69.24,1,69.24
2027-06-12,P0062,280.63,6,1683.78
2027-06-13,P0057,473.46,1,473.46
2027-06-14,P0029,210.42,5,1052.1
2027-06-15,P0078,166.84,4,667.36
2027-06-16,P0025,305.31,5,1526.55
2027-06-17,P0015,465.57,7,3258.99
2027-06-18,P0006,419.28,6,2515.68
2027-06-19,P0042,497.76,9,4479.84
2027-06-20,P0029,16.17,6,97.02000000000001
2027-06-21,P0079,60.86,9,547.74
2027-06-22,P0093,306.69,4,1226.76
2027-06-23,P0004,411.19,1,411.19
2027-06-24,P0082,146.2,1,146.2
2027-06-25,P0057,123.41,7,863.87
2027-06-26,P0049,394.55,3,1183.65
2027-06-27,P0044,32.91,2,65.82
2027-06-28,P0080,187.84,6,1127.04
2027-06-29,P0075,255.38,6,1532.28
2027-06-30,P0014,282.37,7,1976.5900000000001
2027-07-01,P0003,365.66,5,1828.3000000000002
2027-07-02,P0062,180.65,8,1445.2
2027-07-03,P0064,308.28,7,2157.96
2027-07-04,P0045,294.76,2,589.52
2027-07-05,P0082,276.07,1,276.07
2027-07-06,P0058,322.04,9,2898.36
2027-07-07,P0020,133.43,5,667.1500000000001
2027-07-08,P0058,46.9,5,234.5
2027-07-09,P0089,64.04,4,256.16
2027-07-10,P0057,116.17,2,232.34
2027-07-11,P0077,252.6,5,1263.0
2027-07-12,P0068,421.02,2,842.04
2027-07-13,P0078,352.14,7,2464.98
2027-07-14,P0097,395.58,9,3560.22
2027-07-15,P0092,178.73,9,1608.57
2027-07-16,P0052,205.3,6,1231.8000000000002
2027-07-17,P0037,199.87,1,199.87
2027-07-18,P0008,99.98,6,599.88
2027-07-19,P0044,35.3,5,176.5
2027-07-20,P0098,297.5,4,1190.0
2027-07-21,P0005,494.66,6,2967.96
2027-07-22,P0069,87.58,6,525.48
2027-07-23,P0031,28.11,6,168.66
2027-07-24,P0045,390.87,2,781.74
2027-07-25,P0009,130.03,7,910.21
2027-07-26,P0032,415.67,4,1662.68
2027-07-27,P0033,353.45,9,3181.0499999999997
2027-07-28,P0067,473.11,2,946.22
2027-07-29,P0030,207.42,5,1037.1
2027-07-30,P0076,332.68,4,1330.72
2027-07-31,P0029,235.1,9,2115.9
2027-08-01,P0003,317.14,4,1268.56
2027-08-02,P0090,227.55,8,1820.4
2027-08-03,P0057,98.37,8,786.96
2027-08-04,P0030,256.41,6,1538.46
2027-08-05,P0009,266.65,6,1599.8999999999999
2027-08-06,P0026,406.25,8,3250.0
2027-08-07,P0002,369.08,9,3321.72
2027-08-08,P0062,333.58,5,1667.8999999999999
2027-08-09,P0003,61.13,1,61.13
2027-08-10,P0046,361.71,1,361.71
2027-08-11,P0068,252.65,2,505.3
2027-08-12,P0025,447.58,5,2237.9
2027-08-13,P0051,460.34,4,1841.36
2027-08-14,P0013,32.3,1,32.3
2027-08-15,P0044,411.22,4,1644.88
2027-08-16,P0035,23.66,4,94.64
2027-08-17,P0055,186.75,4,747.0
2027-08-18,P0087,273.44,1,273.44
2027-08-19,P0009,78.31,9,704.79
2027-08-20,P0002,374.43,3,1123.29
2027-08-21,P0061,9.14,4,36.56
2027-08-22,P0041,88.46,5,442.29999999999995
2027-08-23,P0044,292.49,7,2047.43
2027-08-24,P0064,358.62,6,2151.7200000000003
2027-08-25,P0031,458.74,5,2293.7
2027-08-26,P0047,354.22,8,2833.76
2027-08-27,P0002,337.53,1,337.53
2027-08-28,P0096,200.2,7,1401.3999999999999
2027-08-29,P0082,5.64,6,33.839999999999996
2027-08-30,P0077,64.48,5,322.40000000000003
2027-08-31,P0069,269.6,7,1887.2000000000003
2027-09-01,P0058,339.19,3,1017.5699999999999
2027-09-02,P0044,211.64,1,211.64
2027-09-03,P0074,366.69,9,3300.21
2027-09-04,P0056,263.32,2,526.64
2027-09-05,P0043,41.72,3,125.16
2027-09-06,P0089,100.05,8,800.4
2027-09-07,P0034,420.8,9,3787.2000000000003
2027-09-08,P0030,363.83,3,1091.49
2027-09-09,P0071,447.91,6,2687.46
2027-09-10,P0070,63.19,7,442.33
2027-09-11,P0055,495.16,1,495.16
2027-09-12,P0067,108.66,7,760.62
2027-09-13,P0013,10.83,4,43.32
2027-09-14,P0003,498.72,5,2493.6000000000004
2027-09-15,P0026,144.13,8,1153.04
2027-09-16,P0057,335.67,4,1342.68
2027-09-17,P0024,92.46,4,369.84
2027-09-18,P0053,292.21,8,2337.68
2027-09-19,P0070,452.5,5,2262.5
2027-09-20,P0043,163.49,6,980.94
2027-09-21,P0060,336.78,5,1683.8999999999999
2027-09-22,P0058,98.01,1,98.01
2027-09-23,P0049,314.27,7,2199.89
2027-09-24,P0042,171.54,6,1029.24
2027-09-25,P0076,109.55,2,219.1
2027-09-26,P0100,160.03,7,1120.21
2027-09-27,P0066,93.53,6,561.1800000000001
2027-09-28,P0011,451.45,5,2257.25
2027-09-29,P0098,201.61,8,1612.88
2027-09-30,P0090,126.41,5,632.05
2027-10-01,P0018,226.96,2,453.92
2027-10-02,P0085,163.67,6,982.02
2027-10-03,P0100,373.49,1,373.49
2027-10-04,P0052,485.75,5,2428.75
2027-10-05,P0046,221.83,6,1330.98
2027-10-06,P0044,431.21,7,3018.47
2027-10-07,P0022,285.1,2,570.2
2027-10-08,P0053,82.83,1,82.83
2027-10-09,P0059,346.86,6,2081.16
2027-10-10,P0094,259.15,3,777.4499999999999
2027-10-11,P0030,327.05,5,1635.25
2027-10-12,P0008,445.4,2,890.8
2027-10-13,P0098,223.02,1,223.02
2027-10-14,P0057,451.08,1,451.08
2027-10-15,P0073,376.58,4,1506.32
2027-10-16,P0020,246.86,2,493.72
2027-10-17,P0025,303.59,1,303.59
2027-10-18,P0019,166.16,6,996.96
2027-10-19,P0005,491.88,4,1967.52
2027-10-20,P0075,335.34,7,2347.3799999999997
2027-10-21,P0079,26.7,6,160.2
2027-10-22,P0072,166.68,5,833.4000000000001
2027-10-23,P0083,313.54,2,627.08
2027-10-24,P0087,32.88,5,164.4
2027-10-25,P0027,16.82,9,151.38
2027-10-26,P0040,227.76,9,2049.84
2027-10-27,P0096,169.68,2,339.36
2027-10-28,P0026,221.96,7,1553.72
2027-10-29,P0027,135.03,4,540.12
2027-10-30,P0062,86.54,3,259.62
2027-10-31,P0083,346.13,1,346.13
2027-11-01,P0050,259.71,3,779.1299999999999
2027-11-02,P0042,104.08,9,936.72
2027-11-03,P0029,163.2,9,1468.8
2027-11-04,P0039,297.94,7,2085.58
2027-11-05,P0060,40.75,3,122.25
2027-11-06,P0041,77.99,3,233.96999999999997
2027-11-07,P0033,41.26,4,165.04
2027-11-08,P0083,407.1,7,2849.7000000000003
2027-11-09,P0083,377.44,7,2642.08
2027-11-10,P0097,377.89,2,755.78
2027-11-11,P0016,359.58,5,1797.8999999999999
2027-11-12,P0023,336.35,7,2354.4500000000003
2027-11-13,P0007,241.11,7,1687.77
2027-11-14,P0026,322.93,6,1937.58
2027-11-15,P0096,23.99,8,191.92
2027-11-16,P0012,312.62,3,937.86
2027-11-17,P0072,390.05,1,390.05
2027-11-18,P0005,252.68,3,758.04
2027-11-19,P0092,181.97,2,363.94
2027-11-20,P0069,142.33,2,284.66
2027-11-21,P0049,323.19,2,646.38
2027-11-22,P0026,347.94,5,1739.7
2027-11-23,P0005,436.13,1,436.13
2027-11-24,P0022,174.46,4,697.84
2027-11-25,P0079,386.04,5,1930.2
2027-11-26,P0013,282.87,2,565.74
2027-11-27,P0028,442.0,5,2210.0
2027-11-28,P0033,266.27,4,1065.08
2027-11-29,P0023,261.23,8,2089.84
2027-11-30,P0097,291.05,1,291.05
2027-12-01,P0018,375.91,5,1879.5500000000002
2027-12-02,P0030,482.52,1,482.52
2027-12-03,P0026,41.41,4,165.64
2027-12-04,P0016,31.45,8,251.6
2027-12-05,P0077,469.09,1,469.09
2027-12-06,P0039,267.29,2,534.58
2027-12-07,P0033,309.38,1,309.38
2027-12-08,P0026,243.8,7,1706.6000000000001
2027-12-09,P0048,51.36,2,102.72
2027-12-10,P0065,385.2,1,385.2
2027-12-11,P0038,374.88,6,2249.2799999999997
2027-12-12,P0002,159.29,6,955.74
2027-12-13,P0006,156.59,2,313.18
2027-12-14,P0046,419.73,1,419.73
2027-12-15,P0050,40.82,3,122.46000000000001
2027-12-16,P0038,441.15,5,2205.75
2027-12-17,P0088,132.05,6,792.3000000000001
2027-12-18,P0018,298.53,3,895.5899999999999
2027-12-19,P0027,468.32,9,4214.88
2027-12-20,P0041,340.67,5,1703.3500000000001
2027-12-21,P0072,210.14,2,420.28
2027-12-22,P0092,346.32,6,2077.92
2027-12-23,P0074,175.27,8,1402.16
2027-12-24,P0017,142.24,6,853.44
2027-12-25,P0062,498.36,4,1993.44
2027-12-26,P0029,376.64,6,2259.84
2027-12-27,P0058,324.14,8,2593.12
2027-12-28,P0070,180.87,8,1446.96
2027-12-29,P0078,29.33,2,58.66
2027-12-30,P0022,20.37,8,162.96
2027-12-31,P0006,279.32,6,1675.92
2028-01-01,P0026,382.21,2,764.42
2028-01-02,P0039,271.0,1,271.0
2028-01-03,P0012,421.19,6,2527.14
2028-01-04,P0099,21.55,7,150.85
2028-01-05,P0014,186.54,5,932.6999999999999
2028-01-06,P0022,122.35,8,978.8
2028-01-07,P0051,226.4,9,2037.6000000000001
2028-01-08,P0023,40.83,4,163.32
2028-01-09,P0048,477.3,7,3341.1
2028-01-10,P0071,115.51,8,924.08
2028-01-11,P0050,461.54,6,2769.2400000000002
2028-01-12,P0089,215.82,2,431.64
2028-01-13,P0013,492.83,7,3449.81
2028-01-14,P0085,279.26,9,2513.34
2028-01-15,P0010,465.76,5,2328.8
2028-01-16,P0055,7.65,2,15.3
2028-01-17,P0009,375.38,4,1501.52
2028-01-18,P0079,452.01,3,1356.03
2028-01-19,P0052,74.16,4,296.64
2028-01-20,P0002,52.58,7,368.06
2028-01-21,P0025,215.16,8,1721.28
2028-01-22,P0013,467.17,1,467.17
2028-01-23,P0098,273.48,8,2187.84
2028-01-24,P0051,266.09,5,1330.4499999999998
2028-01-25,P0058,74.86,7,524.02
2028-01-26,P0034,5.39,1,5.39
2028-01-27,P0035,406.02,2,812.04
2028-01-28,P0003,48.35,1,48.35
2028-01-29,P0059,318.76,5,1593.8
2028-01-30,P0070,457.74,6,2746.44
2028-01-31,P0048,108.28,9,974.52
2028-02-01,P0064,334.31,8,2674.48
2028-02-02,P0019,43.96,7,307.72
2028-02-03,P0067,303.86,5,1519.3000000000002
2028-02-04,P0082,86.15,3,258.45000000000005
2028-02-05,P0073,369.3,9,3323.7000000000003
2028-02-06,P0076,154.11,5,770.5500000000001
2028-02-07,P0005,234.38,3,703.14
2028-02-08,P0067,301.72,3,905.1600000000001
2028-02-09,P0011,89.78,3,269.34000000000003
2028-02-10,P0094,372.11,6,2232.66
2028-02-11,P0068,154.81,1,154.81
2028-02-12,P0069,332.87,4,1331.48
2028-02-13,P0001,83.35,8,666.8
2028-02-14,P0091,345.62,3,1036.8600000000001
2028-02-15,P0092,68.45,5,342.25
2028-02-16,P0063,215.55,2,431.1
2028-02-17,P0029,127.37,2,254.74
2028-02-18,P0082,375.45,7,2628.15
2028-02-19,P0012,134.71,3,404.13
2028-02-20,P0077,441.45,5,2207.25
2028-02-21,P0041,446.45,3,1339.35
2028-02-22,P0002,102.24,6,613.4399999999999
2028-02-23,P0037,308.85,3,926.5500000000001
2028-02-24,P0045,48.42,8,387.36
2028-02-25,P0080,198.81,2,397.62
2028-02-26,P0048,358.09,3,1074.27
2028-02-27,P0024,331.41,8,2651.28
2028-02-28,P0099,314.23,8,2513.84
2028-02-29,P0022,144.86,1,144.86
2028-03-01,P0100,192.12,8,1536.96
2028-03-02,P0011,55.96,2,111.92
2028-03-03,P0058,360.92,7,2526.44
2028-03-04,P0046,254.42,6,1526.52
2028-03-05,P0029,355.84,2,711.68
2028-03-06,P0035,128.23,5,641.15
2028-03-07,P0015,165.6,7,1159.2
2028-03-08,P0060,170.44,8,1363.52
2028-03-09,P0095,17.74,3,53.22
2028-03-10,P0042,173.82,1,173.82
2028-03-11,P0043,402.64,7,2818.48
2028-03-12,P0080,449.16,5,2245.8
2028-03-13,P0074,261.52,5,1307.6
2028-03-14,P0049,230.47,7,1613.29
2028-03-15,P0064,20.26,1,20.26
2028-03-16,P0032,440.21,8,3521.68
2028-03-17,P0064,11.44,5,57.199999999999996
2028-03-18,P0002,472.65,8,3781.2
2028-03-19,P0024,247.16,5,1235.8
2028-03-20,P0087,174.26,7,1219.82
2028-03-21,P0066,462.49,3,1387.47
2028-03-22,P0038,17.07,2,34.14
2028-03-23,P0031,292.81,6,1756.8600000000001
2028-03-24,P0026,276.72,5,1383.6000000000001
2028-03-25,P0029,113.56,9,1022.04
2028-03-26,P0067,217.3,4,869.2
2028-03-27,P0078,327.87,3,983.61
2028-03-28,P0025,364.93,9,3284.37
2028-03-29,P0048,5.35,8,42.8
2028-03-30,P0065,468.74,6,2812.44
2028-03-31,P0053,86.44,1,86.44
2028-04-01,P0067,120.62,1,120.62
2028-04-02,P0090,135.42,6,812.52
2028-04-03,P0018,23.72,3,71.16
2028-04-04,P0009,65.91,3,197.73
2028-04-05,P0038,493.24,6,2959.44
2028-04-06,P0087,161.03,3,483.09000000000003
2028-04-07,P0021,62.07,6,372.42
2028-04-08,P0065,57.96,5,289.8
2028-04-09,P0021,361.13,4,1444.52
2028-04-10,P0027,428.01,8,3424.08
2028-04-11,P0070,132.19,2,264.38
2028-04-12,P0044,15.35,7,107.45
2028-04-13,P0100,115.43,4,461.72
2028-04-14,P0028,32.98,2,65.96
2028-04-15,P0045,56.18,7,393.26
2028-04-16,P0017,218.6,1,218.6
2028-04-17,P0040,118.81,4,475.24
2028-04-18,P0003,260.39,9,2343.5099999999998
2028-04-19,P0076,130.48,4,521.92
2028-04-20,P0076,470.57,3,1411.71
2028-04-21,P0066,453.44,2,906.88
2028-04-22,P0046,285.57,3,856.71
2028-04-23,P0086,180.44,1,180.44
2028-04-24,P0087,193.67,8,1549.36
2028-04-25,P0030,208.87,1,208.87
2028-04-26,P0069,365.15,3,1095.4499999999998
2028-04-27,P0009,228.56,3,685.6800000000001
2028-04-28,P0085,429.08,2,858.16
2028-04-29,P0011,472.33,5,2361.65
2028-04-30,P0069,171.29,3,513.87
2028-05-01,P0099,282.54,3,847.6200000000001
2028-05-02,P0091,52.05,8,416.4
2028-05-03,P0066,104.23,4,416.92
2028-05-04,P0088,209.67,4,838.68
2028-05-05,P0031,107.07,3,321.21
2028-05-06,P0033,438.9,1,438.9
2028-05-07,P0039,83.35,8,666.8
2028-05-08,P0094,230.55,1,230.55
2028-05-09,P0046,304.82,7,2133.74
2028-05-10,P0037,347.47,5,1737.3500000000001
2028-05-11,P0092,194.62,4,778.48
2028-05-12,P0060,435.2,4,1740.8
2028-05-13,P0031,286.32,8,2290.56
2028-05-14,P0011,222.56,6,1335.3600000000001
2028-05-15,P0087,38.28,1,38.28
2028-05-16,P0002,235.02,8,1880.16
2028-05-17,P0027,411.26,2,822.52
2028-05-18,P0099,309.2,6,1855.1999999999998
2028-05-19,P0002,416.92,9,3752.28
2028-05-20,P0021,249.54,1,249.54
2028-05-21,P0058,63.64,6,381.84000000000003
2028-05-22,P0005,11.75,8,94.0
2028-05-23,P0052,155.09,2,310.18
2028-05-24,P0045,350.51,5,1752.55
2028-05-25,P0085,396.18,6,2377.08
2028-05-26,P0093,151.4,5,757.0
2028-05-27,P0020,250.35,3,751.05
2028-05-28,P0061,213.45,4,853.8
2028-05-29,P0038,208.21,7,1457.47
2028-05-30,P0020,119.52,4,478.08
2028-05-31,P0025,72.5,9,652.5
2028-06-01,P0002,102.36,2,204.72
2028-06-02,P0032,32.39,5,161.95
2028-06-03,P0026,103.07,8,824.56
2028-06-04,P0070,9.55,5,47.75
2028-06-05,P0041,315.49,8,2523.92
2028-06-06,P0067,161.61,8,1292.88
2028-06-07,P0097,486.71,9,4380.389999999999
2028-06-08,P0001,100.89,6,605.34
2028-06-09,P0051,176.19,4,704.76
2028-06-10,P0005,182.13,3,546.39
2028-06-11,P0013,9.18,5,45.9
2028-06-12,P0019,420.41,6,2522.46
2028-06-13,P0012,20.84,3,62.519999999999996
2028-06-14,P0048,470.39,2,940.78
2028-06-15,P0025,446.58,7,3126.06
2028-06-16,P0057,270.08,5,1350.3999999999999
2028-06-17,P0035,274.08,9,2466.72
2028-06-18,P0076,328.62,3,985.86
2028-06-19,P0094,196.59,8,1572.72
2028-06-20,P0005,325.38,6,1952.28
2028-06-21,P0098,27.16,4,108.64
2028-06-22,P0022,31.75,9,285.75
2028-06-23,P0077,231.33,5,1156.65
2028-06-24,P0057,277.06,6,1662.3600000000001
2028-06-25,P0047,444.47,9,4000.2300000000005
2028-06-26,P0054,56.81,7,397.67
2028-06-27,P0003,412.21,5,2061.0499999999997
2028-06-28,P0053,108.97,2,217.94
2028-06-29,P0084,200.07,4,800.28
2028-06-30,P0031,161.72,2,323.44
2028-07-01,P0069,203.08,3,609.24
2028-07-02,P0088,79.5,3,238.5
2028-07-03,P0033,254.27,4,1017.08
2028-07-04,P0072,401.81,6,2410.86
2028-07-05,P0088,223.56,3,670.6800000000001
2028-07-06,P0050,247.85,1,247.85
2028-07-07,P0084,425.14,1,425.14
2028-07-08,P0016,354.5,9,3190.5
2028-07-09,P0076,247.77,9,2229.9300000000003
2028-07-10,P0077,132.56,5,662.8
2028-07-11,P0039,443.04,9,3987.36
2028-07-12,P0089,290.63,7,2034.4099999999999
2028-07-13,P0046,114.47,9,1030.23
2028-07-14,P0096,138.21,7,967.47
2028-07-15,P0088,402.55,9,3622.9500000000003
2028-07-16,P0047,26.85,2,53.7
2028-07-17,P0044,496.09,8,3968.72
2028-07-18,P0009,69.52,7,486.64
2028-07-19,P0087,399.05,6,2394.3
2028-07-20,P0050,200.41,5,1002.05
2028-07-21,P0077,248.65,4,994.6
2028-07-22,P0060,440.92,7,3086.44
2028-07-23,P0096,209.39,3,628.17
2028-07-24,P0015,271.06,8,2168.48
2028-07-25,P0036,29.4,2,58.8
2028-07-26,P0063,6.16,1,6.16
2028-07-27,P0069,126.18,2,252.36
2028-07-28,P0086,341.89,9,3077.0099999999998
2028-07-29,P0080,65.03,5,325.15
2028-07-30,P0041,61.31,8,490.48
2028-07-31,P0074,208.43,3,625.29
2028-08-01,P0024,325.68,7,2279.76
2028-08-02,P0082,357.48,2,714.96
2028-08-03,P0049,93.33,8,746.64
2028-08-04,P0018,44.4,7,310.8
2028-08-05,P0007,470.5,5,2352.5
2028-08-06,P0004,134.03,4,536.12
2028-08-07,P0090,427.41,1,427.41
2028-08-08,P0069,432.43,5,2162.15
2028-08-09,P0060,387.4,9,3486.6
2028-08-10,P0055,88.57,4,354.28
2028-08-11,P0016,411.79,9,3706.11
2028-08-12,P0099,385.78,2,771.56
2028-08-13,P0090,300.38,4,1201.52
2028-08-14,P0082,171.92,9,1547.28
2028-08-15,P0029,134.94,4,539.76
2028-08-16,P0023,65.34,5,326.70000000000005
2028-08-17,P0014,257.33,8,2058.64
2028-08-18,P0079,294.7,1,294.7
2028-08-19,P0049,182.87,1,182.87
2028-08-20,P0033,240.3,9,2162.7000000000003
2028-08-21,P0025,184.94,9,1664.46
2028-08-22,P0021,322.3,4,1289.2
2028-08-23,P0017,451.12,2,902.24
2028-08-24,P0023,86.14,9,775.26
2028-08-25,P0057,193.8,4,775.2
2028-08-26,P0081,74.73,6,448.38
2028-08-27,P0058,314.35,1,314.35
2028-08-28,P0014,365.79,9,3292.11
2028-08-29,P0093,466.3,5,2331.5
2028-08-30,P0020,143.04,3,429.12
2028-08-31,P0030,475.35,4,1901.4
2028-09-01,P0019,36.32,1,36.32
2028-09-02,P0053,303.49,9,2731.41
2028-09-03,P0056,33.28,8,266.24
2028-09-04,P0077,447.42,4,1789.68
2028-09-05,P0082,267.26,2,534.52
2028-09-06,P0023,336.33,9,3026.97
2028-09-07,P0062,416.63,4,1666.52
2028-09-08,P0033,79.4,9,714.6
2028-09-09,P0018,24.1,3,72.30000000000001
2028-09-10,P0073,440.05,7,3080.35
2028-09-11,P0033,160.89,7,1126.23
2028-09-12,P0032,68.84,4,275.36
2028-09-13,P0061,236.89,2,473.78
2028-09-14,P0054,301.16,9,2710.44
2028-09-15,P0017,20.33,4,81.32
2028-09-16,P0019,141.07,8,1128.56
2028-09-17,P0091,21.24,2,42.48
2028-09-18,P0070,213.07,8,1704.56
2028-09-19,P0099,448.07,5,2240.35
2028-09-20,P0034,491.41,7,3439.8700000000003
2028-09-21,P0084,320.34,7,2242.3799999999997
2028-09-22,P0025,85.01,9,765.09
2028-09-23,P0068,453.4,3,1360.1999999999998
2028-09-24,P0074,260.54,4,1042.16
2028-09-25,P0074,81.11,4,324.44
2028-09-26,P0088,461.25,5,2306.25
2028-09-27,P0085,379.95,6,2279.7
2028-09-28,P0011,367.19,3,1101.57
2028-09-29,P0091,356.04,4,1424.16
2028-09-30,P0016,104.17,3,312.51
2028-10-01,P0090,109.45,2,218.9
2028-10-02,P0061,345.71,9,3111.39
2028-10-03,P0094,113.76,1,113.76
2028-10-04,P0080,222.14,2,444.28
2028-10-05,P0007,392.09,8,3136.72
2028-10-06,P0016,393.06,7,2751.42
2028-10-07,P0099,229.36,1,229.36
2028-10-08,P0016,397.13,5,1985.65
2028-10-09,P0040,420.12,6,2520.7200000000003
2028-10-10,P0012,329.11,5,1645.5500000000002
2028-10-11,P0035,118.07,4,472.28
2028-10-12,P0021,140.64,1,140.64
2028-10-13,P0050,160.85,7,1125.95
2028-10-14,P0043,62.82,9,565.38
2028-10-15,P0100,140.21,6,841.26
2028-10-16,P0017,108.71,3,326.13
2028-10-17,P0032,230.39,4,921.56
2028-10-18,P0041,454.68,5,2273.4
2028-10-19,P0006,56.72,1,56.72
2028-10-20,P0088,361.53,5,1807.6499999999999
2028-10-21,P0027,345.21,1,345.21
2028-10-22,P0020,52.4,9,471.59999999999997
2028-10-23,P0025,461.67,7,3231.69
2028-10-24,P0066,286.39,3,859.17
2028-10-25,P0009,185.04,9,1665.36
2028-10-26,P0092,379.49,2,758.98
2028-10-27,P0053,132.4,7,926.8000000000001
2028-10-28,P0061,348.29,9,3134.61
2028-10-29,P0038,24.66,6,147.96
2028-10-30,P0003,420.51,5,2102.55
2028-10-31,P0084,226.84,7,1587.88
2028-11-01,P0070,320.16,6,1920.96
2028-11-02,P0097,114.51,5,572.5500000000001
2028-11-03,P0055,340.15,2,680.3
2028-11-04,P0001,387.26,8,3098.08
2028-11-05,P0070,239.24,7,1674.68
2028-11-06,P0045,310.77,6,1864.62
2028-11-07,P0098,230.88,5,1154.4
2028-11-08,P0047,447.58,5,2237.9
2028-11-09,P0079,251.45,9,2263.0499999999997
2028-11-10,P0026,421.7,1,421.7
2028-11-11,P0014,401.67,9,3615.03
2028-11-12,P0054,208.2,6,1249.1999999999998
2028-11-13,P0071,118.89,4,475.56
2028-11-14,P0046,206.01,7,1442.07
2028-11-15,P0031,413.98,9,3725.82
2028-11-16,P0088,117.68,5,588.4000000000001
2028-11-17,P0059,264.6,5,1323.0
2028-11-18,P0095,404.02,8,3232.16
2028-11-19,P0029,179.97,7,1259.79
2028-11-20,P0096,322.89,8,2583.12
2028-11-21,P0017,126.59,2,253.18
2028-11-22,P0014,59.09,9,531.8100000000001
2028-11-23,P0036,398.22,3,1194.66
2028-11-24,P0058,53.99,6,323.94
2028-11-25,P0024,139.33,6,835.98
2028-11-26,P0063,428.28,2,856.56
2028-11-27,P0091,176.5,7,1235.5
2028-11-28,P0025,486.66,9,4379.9400000000005
2028-11-29,P0059,489.97,1,489.97
2028-11-30,P0032,137.8,8,1102.4
2028-12-01,P0082,25.28,2,50.56
2028-12-02,P0018,354.01,1,354.01
2028-12-03,P0037,228.24,8,1825.92
2028-12-04,P0026,54.87,2,109.74
2028-12-05,P0009,355.22,6,2131.32
2028-12-06,P0099,20.43,6,122.58
2028-12-07,P0064,435.75,5,2178.75
2028-12-08,P0072,73.63,8,589.04
2028-12-09,P0020,68.02,3,204.06
2028-12-10,P0054,91.96,4,367.84
2028-12-11,P0086,480.33,7,3362.31
2028-12-12,P0083,348.12,7,2436.84
2028-12-13,P0030,401.68,8,3213.44
2028-12-14,P0053,201.83,2,403.66
2028-12-15,P0092,171.47,2,342.94
2028-12-16,P0099,121.07,4,484.28
2028-12-17,P0063,242.92,9,2186.2799999999997
2028-12-18,P0011,278.16,9,2503.44
2028-12-19,P0031,317.73,4,1270.92
2028-12-20,P0049,132.27,9,1190.43
2028-12-21,P0100,474.58,3,1423.74
2028-12-22,P0094,89.03,5,445.15
2028-12-23,P0087,483.0,9,4347.0
2028-12-24,P0019,12.35,6,74.1
2028-12-25,P0012,243.16,3,729.48
2028-12-26,P0015,170.02,9,1530.18
2028-12-27,P0031,227.32,6,1363.92
2028-12-28,P0043,287.48,4,1149.92
2028-12-29,P0037,220.62,4,882.48
2028-12-30,P0079,210.35,8,1682.8
2028-12-31,P0029,367.7,7,2573.9
2029-01-01,P0026,344.51,1,344.51
2029-01-02,P0002,417.47,6,2504.82
2029-01-03,P0084,128.73,8,1029.84
2029-01-04,P0015,306.72,3,920.1600000000001
2029-01-05,P0004,294.67,9,2652.03
2029-01-06,P0086,188.02,2,376.04
2029-01-07,P0050,245.6,6,1473.6
2029-01-08,P0038,160.32,1,160.32
2029-01-09,P0023,75.21,2,150.42
2029-01-10,P0059,110.83,5,554.15
2029-01-11,P0090,57.23,1,57.23
2029-01-12,P0075,343.12,8,2744.96
2029-01-13,P0028,332.06,1,332.06
2029-01-14,P0066,475.55,9,4279.95
2029-01-15,P0008,366.19,3,1098.57
2029-01-16,P0029,30.76,2,61.52
2029-01-17,P0011,442.7,1,442.7
2029-01-18,P0018,432.02,9,3888.18
2029-01-19,P0055,224.44,4,897.76
2029-01-20,P0050,295.0,1,295.0
2029-01-21,P0014,488.16,1,488.16
2029-01-22,P0074,268.49,7,1879.43
2029-01-23,P0099,453.13,2,906.26
2029-01-24,P0009,46.1,7,322.7
2029-01-25,P0099,99.57,7,696.99
2029-01-26,P0011,223.17,9,2008.53
2029-01-27,P0063,294.45,7,2061.15
2029-01-28,P0076,409.03,1,409.03
2029-01-29,P0067,494.19,8,3953.52
2029-01-30,P0053,197.48,8,1579.84
2029-01-31,P0039,28.47,4,113.88
2029-02-01,P0078,401.58,8,3212.64
2029-02-02,P0056,304.17,4,1216.68
2029-02-03,P0028,103.28,8,826.24
2029-02-04,P0075,249.94,5,1249.7
2029-02-05,P0039,372.44,4,1489.76
2029-02-06,P0025,386.35,6,2318.1000000000004
2029-02-07,P0021,252.31,2,504.62
2029-02-08,P0010,156.08,2,312.16
2029-02-09,P0043,487.0,2,974.0
2029-02-10,P0015,333.36,9,3000.2400000000002
2029-02-11,P0083,207.08,3,621.24
2029-02-12,P0048,143.83,4,575.32
2029-02-13,P0086,366.9,8,2935.2
2029-02-14,P0021,124.88,4,499.52
2029-02-15,P0060,90.0,7,630.0
2029-02-16,P0096,267.27,5,1336.35
2029-02-17,P0050,148.54,9,1336.86
2029-02-18,P0023,316.31,4,1265.24
2029-02-19,P0013,63.38,3,190.14000000000001
2029-02-20,P0069,329.2,2,658.4
2029-02-21,P0004,145.23,1,145.23
2029-02-22,P0092,5.12,6,30.72
2029-02-23,P0078,67.83,2,135.66
2029-02-24,P0072,467.14,8,3737.12
2029-02-25,P0009,434.34,6,2606.04
2029-02-26,P0035,120.64,5,603.2
2029-02-27,P0021,390.29,2,780.58
2029-02-28,P0058,306.24,7,2143.6800000000003
2029-03-01,P0018,485.6,2,971.2
2029-03-02,P0097,189.93,5,949.6500000000001
2029-03-03,P0072,342.32,2,684.64
2029-03-04,P0081,36.45,2,72.9
2029-03-05,P0043,201.14,7,1407.98
2029-03-06,P0095,482.09,9,4338.8099999999995
2029-03-07,P0098,271.8,5,1359.0
2029-03-08,P0006,147.5,7,1032.5
2029-03-09,P0086,64.53,4,258.12
2029-03-10,P0078,353.25,2,706.5
2029-03-11,P0067,324.2,3,972.5999999999999
2029-03-12,P0012,190.1,2,380.2
2029-03-13,P0100,475.72,5,2378.6000000000004
2029-03-14,P0012,15.99,6,95.94
2029-03-15,P0066,155.34,7,1087.38
2029-03-16,P0002,460.93,3,1382.79
2029-03-17,P0015,163.86,4,655.44
2029-03-18,P0023,129.87,8,1038.96
2029-03-19,P0029,269.44,4,1077.76
2029-03-20,P0081,412.78,7,2889.46
2029-03-21,P0096,56.06,6,336.36
2029-03-22,P0007,471.8,7,3302.6
2029-03-23,P0094,398.56,1,398.56
2029-03-24,P0028,94.72,3,284.15999999999997
2029-03-25,P0014,357.44,6,2144.64
2029-03-26,P0044,195.55,3,586.6500000000001
2029-03-27,P0030,204.14,7,1428.98
2029-03-28,P0081,392.73,9,3534.57
2029-03-29,P0032,481.58,3,1444.74
2029-03-30,P0070,67.69,1,67.69
2029-03-31,P0088,213.21,6,1279.26
2029-04-01,P0006,243.07,1,243.07
2029-04-02,P0027,191.27,1,191.27
2029-04-03,P0082,184.78,8,1478.24
2029-04-04,P0088,30.87,9,277.83
2029-04-05,P0024,344.34,2,688.68
2029-04-06,P0034,220.93,9,1988.3700000000001
2029-04-07,P0040,101.42,5,507.1
2029-04-08,P0047,408.94,8,3271.52
2029-04-09,P0079,402.27,7,2815.89
2029-04-10,P0075,245.76,7,1720.32
2029-04-11,P0086,152.73,4,610.92
2029-04-12,P0024,320.86,2,641.72
2029-04-13,P0065,147.64,5,738.1999999999999
2029-04-14,P0018,121.82,3,365.46
2029-04-15,P0044,366.6,9,3299.4
2029-04-16,P0076,24.96,6,149.76
2029-04-17,P0057,51.91,1,51.91
2029-04-18,P0028,8.36,3,25.08
2029-04-19,P0071,80.71,4,322.84
2029-04-20,P0023,39.15,9,352.34999999999997
2029-04-21,P0085,497.92,6,2987.52
2029-04-22,P0034,147.96,4,591.84
2029-04-23,P0011,78.89,1,78.89
2029-04-24,P0086,124.29,8,994.32
2029-04-25,P0035,468.38,2,936.76
2029-04-26,P0093,262.48,8,2099.84
2029-04-27,P0042,185.58,6,1113.48
2029-04-28,P0028,437.33,8,3498.64
2029-04-29,P0082,200.52,6,1203.1200000000001
2029-04-30,P0078,170.83,5,854.1500000000001
2029-05-01,P0082,107.6,5,538.0
2029-05-02,P0092,192.01,8,1536.08
2029-05-03,P0024,161.76,7,1132.32
2029-05-04,P0008,340.27,8,2722.16
2029-05-05,P0053,148.34,8,1186.72
2029-05-06,P0072,290.71,7,2034.9699999999998
2029-05-07,P0004,37.62,2,75.24
2029-05-08,P0091,99.69,9,897.21
2029-05-09,P0100,206.67,7,1446.6899999999998
2029-05-10,P0005,468.79,6,2812.7400000000002
2029-05-11,P0097,191.74,9,1725.66
2029-05-12,P0049,333.72,1,333.72
2029-05-13,P0098,131.27,2,262.54
2029-05-14,P0030,67.88,1,67.88
2029-05-15,P0072,33.98,3,101.94
2029-05-16,P0063,156.18,5,780.9000000000001
2029-05-17,P0047,83.04,1,83.04
2029-05-18,P0026,91.14,4,364.56
2029-05-19,P0057,381.58,8,3052.64
2029-05-20,P0037,12.84,6,77.03999999999999
2029-05-21,P0098,281.12,1,281.12
2029-05-22,P0007,192.83,1,192.83
2029-05-23,P0040,255.74,3,767.22
2029-05-24,P0092,283.6,8,2268.8
2029-05-25,P0039,160.12,8,1280.96
2029-05-26,P0062,151.08,3,453.24
2029-05-27,P0092,368.03,7,2576.21
2029-05-28,P0078,436.28,3,1308.84
2029-05-29,P0053,100.33,4,401.32
2029-05-30,P0004,53.32,9,479.88
2029-05-31,P0082,449.41,4,1797.64
2029-06-01,P0025,178.2,3,534.5999999999999
2029-06-02,P0007,277.9,5,1389.5
2029-06-03,P0028,182.97,7,1280.79
2029-06-04,P0069,67.27,5,336.34999999999997
2029-06-05,P0067,296.72,4,1186.88
2029-06-06,P0095,264.94,8,2119.52
2029-06-07,P0020,105.48,4,421.92
2029-06-08,P0083,228.68,2,457.36
2029-06-09,P0011,399.49,6,2396.94
2029-06-10,P0067,297.26,2,594.52
2029-06-11,P0087,52.97,3,158.91
2029-06-12,P0007,276.27,1,276.27
2029-06-13,P0023,352.86,5,1764.3000000000002
2029-06-14,P0061,397.39,9,3576.5099999999998
2029-06-15,P0071,316.41,2,632.82
2029-06-16,P0034,80.57,7,563.99
2029-06-17,P0019,356.54,5,1782.7
2029-06-18,P0058,340.28,2,680.56
2029-06-19,P0009,17.09,8,136.72
2029-06-20,P0048,208.82,6,1252.92
2029-06-21,P0082,169.81,4,679.24
2029-06-22,P0041,336.36,4,1345.44
